,,,,,
Problem,Source,Answer,Percent Correct,Hints,Tags
1,USNCO N2020 Part I,A,85%,,
2,USNCO N2020 Part I,D,78%,,
3,USNCO N2020 Part I,B,60%,,
4,USNCO N2020 Part I,B,65%,,
5,USNCO N2020 Part I,A,19%,,
6,USNCO N2020 Part I,B,75%,,
7,USNCO N2020 Part I,D,62%,,
8,USNCO N2020 Part I,C,46%,,
9,USNCO N2020 Part I,C,47%,,
10,USNCO N2020 Part I,A,41%,,
11,USNCO N2020 Part I,A,48%,,
12,USNCO N2020 Part I,D,70%,,
13,USNCO N2020 Part I,B,13%,,
14,USNCO N2020 Part I,B,26%,,
15,USNCO N2020 Part I,A,47%,,
16,USNCO N2020 Part I,B,32%,,
17,USNCO N2020 Part I,C,59%,,
18,USNCO N2020 Part I,B,59%,,
19,USNCO N2020 Part I,C,87%,,
20,USNCO N2020 Part I,A,91%,,
21,USNCO N2020 Part I,D,61%,,
22,USNCO N2020 Part I,B,51%,,
23,USNCO N2020 Part I,B,65%,,
24,USNCO N2020 Part I,D,28%,,
25,USNCO N2020 Part I,A,93%,,
26,USNCO N2020 Part I,A,57%,,
27,USNCO N2020 Part I,B,73%,,
28,USNCO N2020 Part I,D,28%,,
29,USNCO N2020 Part I,B,26%,,
30,USNCO N2020 Part I,B,48%,,
31,USNCO N2020 Part I,C,17%,,
32,USNCO N2020 Part I,B,31%,,
33,USNCO N2020 Part I,A,33%,,
34,USNCO N2020 Part I,D,59%,,
35,USNCO N2020 Part I,A,62%,,
36,USNCO N2020 Part I,B,8%,,
37,USNCO N2020 Part I,D,41%,,
38,USNCO N2020 Part I,D,30%,,
39,USNCO N2020 Part I,C,48%,,
40,USNCO N2020 Part I,D,25%,,
41,USNCO N2020 Part I,A,48%,,
42,USNCO N2020 Part I,A,40%,,
43,USNCO N2020 Part I,D,61%,,
44,USNCO N2020 Part I,D,36%,,
45,USNCO N2020 Part I,D,35%,,
46,USNCO N2020 Part I,B,32%,,
47,USNCO N2020 Part I,C,76%,,
48,USNCO N2020 Part I,A,51%,,
49,USNCO N2020 Part I,A,88%,,
50,USNCO N2020 Part I,D,66%,,
51,USNCO N2020 Part I,A,61%,,
52,USNCO N2020 Part I,A,39%,,
53,USNCO N2020 Part I,C,53%,,
54,USNCO N2020 Part I,C,53%,,
55,USNCO N2020 Part I,B,54%,,
56,USNCO N2020 Part I,D,74%,,
57,USNCO N2020 Part I,C,39%,,
58,USNCO N2020 Part I,B,28%,,
59,USNCO N2020 Part I,A,47%,,
60,USNCO N2020 Part I,C,40%,,
1,USNCO N2019 Part I,B,87%,,
2,USNCO N2019 Part I,D,75%,,
3,USNCO N2019 Part I,C,85%,,
4,USNCO N2019 Part I,D,83%,,
5,USNCO N2019 Part I,C,59%,,
6,USNCO N2019 Part I,C,52%,,
7,USNCO N2019 Part I,C,89%,,
8,USNCO N2019 Part I,D,34%,,
9,USNCO N2019 Part I,B,41%,,
10,USNCO N2019 Part I,C,42%,,
11,USNCO N2019 Part I,A,19%,,
12,USNCO N2019 Part I,A,39%,,
13,USNCO N2019 Part I,A,58%,,
14,USNCO N2019 Part I,C,51%,,
15,USNCO N2019 Part I,B,46%,,
16,USNCO N2019 Part I,C,20%,,
17,USNCO N2019 Part I,A,41%,,
18,USNCO N2019 Part I,C,43%,,
19,USNCO N2019 Part I,A,78%,,
20,USNCO N2019 Part I,A,81%,,
21,USNCO N2019 Part I,D,34%,,
22,USNCO N2019 Part I,C,23%,,
23,USNCO N2019 Part I,B,27%,,
24,USNCO N2019 Part I,D,52%,,
25,USNCO N2019 Part I,A,70%,,
26,USNCO N2019 Part I,A,54%,,
27,USNCO N2019 Part I,D,34%,,
28,USNCO N2019 Part I,C,67%,,
29,USNCO N2019 Part I,C,77%,,
30,USNCO N2019 Part I,B,35%,,
31,USNCO N2019 Part I,C,71%,,
32,USNCO N2019 Part I,C,46%,,
33,USNCO N2019 Part I,A,71%,,
34,USNCO N2019 Part I,D,42%,,
35,USNCO N2019 Part I,A,28%,,
36,USNCO N2019 Part I,B,27%,,
37,USNCO N2019 Part I,C,44%,,
38,USNCO N2019 Part I,B,83%,,
39,USNCO N2019 Part I,B,68%,,
40,USNCO N2019 Part I,B,29%,,
41,USNCO N2019 Part I,B,35%,,
42,USNCO N2019 Part I,B,57%,,
43,USNCO N2019 Part I,D,36%,,
44,USNCO N2019 Part I,C,17%,,
45,USNCO N2019 Part I,B,72%,,
46,USNCO N2019 Part I,B,61%,,
47,USNCO N2019 Part I,D,33%,,
48,USNCO N2019 Part I,C,28%,,
49,USNCO N2019 Part I,D,58%,,
50,USNCO N2019 Part I,A,76%,,
51,USNCO N2019 Part I,A,53%,,
52,USNCO N2019 Part I,D,75%,,
53,USNCO N2019 Part I,B,24%,,
54,USNCO N2019 Part I,C,25%,,
55,USNCO N2019 Part I,D,41%,,
56,USNCO N2019 Part I,C,33%,,
57,USNCO N2019 Part I,B,57%,,
58,USNCO N2019 Part I,B,14%,,
59,USNCO N2019 Part I,C,46%,,
60,USNCO N2019 Part I,A,48%,,
1,USNCO N2018 Part I,B,69%,,
2,USNCO N2018 Part I,B,86%,,
3,USNCO N2018 Part I,C,86%,,
4,USNCO N2018 Part I,D,78%,,
5,USNCO N2018 Part I,A,25%,,
6,USNCO N2018 Part I,D,34%,,
7,USNCO N2018 Part I,B,31%,,
8,USNCO N2018 Part I,A,50%,,
9,USNCO N2018 Part I,C,53%,,
10,USNCO N2018 Part I,C,40%,,
11,USNCO N2018 Part I,D,53%,,
12,USNCO N2018 Part I,C,45%,,
13,USNCO N2018 Part I,D,64%,,
14,USNCO N2018 Part I,C,67%,,
15,USNCO N2018 Part I,B,87%,,
16,USNCO N2018 Part I,A,46%,,
17,USNCO N2018 Part I,C,49%,,
18,USNCO N2018 Part I,D,45%,,
19,USNCO N2018 Part I,C,66%,,
20,USNCO N2018 Part I,B,90%,,
21,USNCO N2018 Part I,A,31%,,
22,USNCO N2018 Part I,B,62%,,
23,USNCO N2018 Part I,D,15%,,
24,USNCO N2018 Part I,A,34%,,
25,USNCO N2018 Part I,C,73%,,
26,USNCO N2018 Part I,D,90%,,
27,USNCO N2018 Part I,D,88%,,
28,USNCO N2018 Part I,D,7%,,
29,USNCO N2018 Part I,B,78%,,
30,USNCO N2018 Part I,D,54%,,
31,USNCO N2018 Part I,C,60%,,
32,USNCO N2018 Part I,D,70%,,
33,USNCO N2018 Part I,A,24%,,
34,USNCO N2018 Part I,D,53%,,
35,USNCO N2018 Part I,A,47%,,
36,USNCO N2018 Part I,D,42%,,
37,USNCO N2018 Part I,D,47%,,
38,USNCO N2018 Part I,A,35%,,
39,USNCO N2018 Part I,B,59%,,
40,USNCO N2018 Part I,B,37%,,
41,USNCO N2018 Part I,D,54%,,
42,USNCO N2018 Part I,C,44%,,
43,USNCO N2018 Part I,D,50%,,
44,USNCO N2018 Part I,B,69%,,
45,USNCO N2018 Part I,A,75%,,
46,USNCO N2018 Part I,D,12%,,
47,USNCO N2018 Part I,C,51%,,
48,USNCO N2018 Part I,C,60%,,
49,USNCO N2018 Part I,C,80%,,
50,USNCO N2018 Part I,A,68%,,
51,USNCO N2018 Part I,C,42%,,
52,USNCO N2018 Part I,B,48%,,
53,USNCO N2018 Part I,C,27%,,
54,USNCO N2018 Part I,A,11%,,
55,USNCO N2018 Part I,B,45%,,
56,USNCO N2018 Part I,C,34%,,
57,USNCO N2018 Part I,D,18%,,
58,USNCO N2018 Part I,B,26%,,
59,USNCO N2018 Part I,A,31%,,
60,USNCO N2018 Part I,B,47%,,
1,USNCO N2017 Part I,B,,,
2,USNCO N2017 Part I,A,,,
3,USNCO N2017 Part I,D,,,
4,USNCO N2017 Part I,D,,,
5,USNCO N2017 Part I,C,,,
6,USNCO N2017 Part I,C,,,
7,USNCO N2017 Part I,A,,,
8,USNCO N2017 Part I,C,,,
9,USNCO N2017 Part I,B,,,
10,USNCO N2017 Part I,A,,,
11,USNCO N2017 Part I,C,,,
12,USNCO N2017 Part I,C,,,
13,USNCO N2017 Part I,B,,,
14,USNCO N2017 Part I,B,,,
15,USNCO N2017 Part I,B,,,
16,USNCO N2017 Part I,B,,,
17,USNCO N2017 Part I,A,,,
18,USNCO N2017 Part I,C,,,
19,USNCO N2017 Part I,D,,,
20,USNCO N2017 Part I,C,,,
21,USNCO N2017 Part I,C,,,
22,USNCO N2017 Part I,D,,,
23,USNCO N2017 Part I,A,,,
24,USNCO N2017 Part I,B,,,
25,USNCO N2017 Part I,C,,,
26,USNCO N2017 Part I,D,,,
27,USNCO N2017 Part I,C,,,
28,USNCO N2017 Part I,C,,,
29,USNCO N2017 Part I,A,,,
30,USNCO N2017 Part I,D,,,
31,USNCO N2017 Part I,C,,,
32,USNCO N2017 Part I,D,,,
33,USNCO N2017 Part I,D,,,
34,USNCO N2017 Part I,C,,,
35,USNCO N2017 Part I,B,,,
36,USNCO N2017 Part I,B,,,
37,USNCO N2017 Part I,D,,,
38,USNCO N2017 Part I,B,,,
39,USNCO N2017 Part I,A,,,
40,USNCO N2017 Part I,B,,,
41,USNCO N2017 Part I,A,,,
42,USNCO N2017 Part I,A,,,
43,USNCO N2017 Part I,B,,,
44,USNCO N2017 Part I,C,,,
45,USNCO N2017 Part I,B,,,
46,USNCO N2017 Part I,B,,,
47,USNCO N2017 Part I,C,,,
48,USNCO N2017 Part I,A,,,
49,USNCO N2017 Part I,A,,,
50,USNCO N2017 Part I,B,,,
51,USNCO N2017 Part I,A,,,
52,USNCO N2017 Part I,A,,,
53,USNCO N2017 Part I,A,,,
54,USNCO N2017 Part I,B,,,
55,USNCO N2017 Part I,B,,,
56,USNCO N2017 Part I,B,,,
57,USNCO N2017 Part I,C,,,
58,USNCO N2017 Part I,D,,,
59,USNCO N2017 Part I,A,,,
60,USNCO N2017 Part I,D,,,
1,USNCO N2016 Part I,D,86%,,
2,USNCO N2016 Part I,B,93%,,
3,USNCO N2016 Part I,A,86%,,
4,USNCO N2016 Part I,A,69%,,
5,USNCO N2016 Part I,D,84%,,
6,USNCO N2016 Part I,B,61%,,
7,USNCO N2016 Part I,B,49%,,
8,USNCO N2016 Part I,B,64%,,
9,USNCO N2016 Part I,B,31%,,
10,USNCO N2016 Part I,D,18%,,
11,USNCO N2016 Part I,C,45%,,
12,USNCO N2016 Part I,C,70%,,
13,USNCO N2016 Part I,A,56%,,
14,USNCO N2016 Part I,D,63%,,
15,USNCO N2016 Part I,B,57%,,
16,USNCO N2016 Part I,A,40%,,
17,USNCO N2016 Part I,B,57%,,
18,USNCO N2016 Part I,A,90%,,
19,USNCO N2016 Part I,D,89%,,
20,USNCO N2016 Part I,D,93%,,
21,USNCO N2016 Part I,A,70%,,
22,USNCO N2016 Part I,D,33%,,
23,USNCO N2016 Part I,D,36%,,
24,USNCO N2016 Part I,C,62%,,
25,USNCO N2016 Part I,B,33%,,
26,USNCO N2016 Part I,C,91%,,
27,USNCO N2016 Part I,B,43%,,
28,USNCO N2016 Part I,C,67%,,
29,USNCO N2016 Part I,C,60%,,
30,USNCO N2016 Part I,A,49%,,
31,USNCO N2016 Part I,D,87%,,
32,USNCO N2016 Part I,B,86%,,
33,USNCO N2016 Part I,C,49%,,
34,USNCO N2016 Part I,C,37%,,
35,USNCO N2016 Part I,B,30%,,
36,USNCO N2016 Part I,B,33%,,
37,USNCO N2016 Part I,A,73%,,
38,USNCO N2016 Part I,C,55%,,
39,USNCO N2016 Part I,A,44%,,
40,USNCO N2016 Part I,B,10%,,
41,USNCO N2016 Part I,B,64%,,
42,USNCO N2016 Part I,A,36%,,
43,USNCO N2016 Part I,A,27%,,
44,USNCO N2016 Part I,D,58%,,
45,USNCO N2016 Part I,C,55%,,
46,USNCO N2016 Part I,D,30%,,
47,USNCO N2016 Part I,A,84%,,
48,USNCO N2016 Part I,B,49%,,
49,USNCO N2016 Part I,D,57%,,
50,USNCO N2016 Part I,A,40%,,
51,USNCO N2016 Part I,C,31%,,
52,USNCO N2016 Part I,D,76%,,
53,USNCO N2016 Part I,D,24%,,
54,USNCO N2016 Part I,B,18%,,
55,USNCO N2016 Part I,A,37%,,
56,USNCO N2016 Part I,B,24%,,
57,USNCO N2016 Part I,C,42%,,
58,USNCO N2016 Part I,A,51%,,
59,USNCO N2016 Part I,C,44%,,
60,USNCO N2016 Part I,B,21%,,
1,USNCO N2015 Part I,A,,,
2,USNCO N2015 Part I,B,,,
3,USNCO N2015 Part I,C,,,
4,USNCO N2015 Part I,A,,,
5,USNCO N2015 Part I,C,,,
6,USNCO N2015 Part I,B,,,
7,USNCO N2015 Part I,B,,,
8,USNCO N2015 Part I,A,,,
9,USNCO N2015 Part I,B,,,
10,USNCO N2015 Part I,C,,,
11,USNCO N2015 Part I,C,,,
12,USNCO N2015 Part I,A,,,
13,USNCO N2015 Part I,C,,,
14,USNCO N2015 Part I,B,,,
15,USNCO N2015 Part I,B,,,
16,USNCO N2015 Part I,B,,,
17,USNCO N2015 Part I,A,,,
18,USNCO N2015 Part I,C,,,
19,USNCO N2015 Part I,A,,,
20,USNCO N2015 Part I,D,,,
21,USNCO N2015 Part I,C,,,
22,USNCO N2015 Part I,D,,,
23,USNCO N2015 Part I,B,,,
24,USNCO N2015 Part I,D,,,
25,USNCO N2015 Part I,A,,,
26,USNCO N2015 Part I,C,,,
27,USNCO N2015 Part I,A,,,
28,USNCO N2015 Part I,C,,,
29,USNCO N2015 Part I,B,,,
30,USNCO N2015 Part I,A,,,
31,USNCO N2015 Part I,D,,,
32,USNCO N2015 Part I,B,,,
33,USNCO N2015 Part I,B,,,
34,USNCO N2015 Part I,D,,,
35,USNCO N2015 Part I,C,,,
36,USNCO N2015 Part I,C,,,
37,USNCO N2015 Part I,D,,,
38,USNCO N2015 Part I,C,,,
39,USNCO N2015 Part I,B,,,
40,USNCO N2015 Part I,B,,,
41,USNCO N2015 Part I,D,,,
42,USNCO N2015 Part I,B,,,
43,USNCO N2015 Part I,C,,,
44,USNCO N2015 Part I,B,,,
45,USNCO N2015 Part I,A,,,
46,USNCO N2015 Part I,D,,,
47,USNCO N2015 Part I,A,,,
48,USNCO N2015 Part I,C,,,
49,USNCO N2015 Part I,B,,,
50,USNCO N2015 Part I,D,,,
51,USNCO N2015 Part I,D,,,
52,USNCO N2015 Part I,C,,,
53,USNCO N2015 Part I,A,,,
54,USNCO N2015 Part I,B,,,
55,USNCO N2015 Part I,A,,,
56,USNCO N2015 Part I,D,,,
57,USNCO N2015 Part I,D,,,
58,USNCO N2015 Part I,D,,,
59,USNCO N2015 Part I,B,,,
60,USNCO N2015 Part I,C,,,
1,USNCO N2014 Part I,D,,,
2,USNCO N2014 Part I,B,,,
3,USNCO N2014 Part I,A,,,
4,USNCO N2014 Part I,C,,,
5,USNCO N2014 Part I,D,,,
6,USNCO N2014 Part I,A,,,
7,USNCO N2014 Part I,C,,,
8,USNCO N2014 Part I,A,,,
9,USNCO N2014 Part I,C,,,
10,USNCO N2014 Part I,D,,,
11,USNCO N2014 Part I,D,,,
12,USNCO N2014 Part I,C,,,
13,USNCO N2014 Part I,C,,,
14,USNCO N2014 Part I,D,,,
15,USNCO N2014 Part I,A,,,
16,USNCO N2014 Part I,D,,,
17,USNCO N2014 Part I,B,,,
18,USNCO N2014 Part I,D,,,
19,USNCO N2014 Part I,A,,,
20,USNCO N2014 Part I,C,,,
21,USNCO N2014 Part I,D,,,
22,USNCO N2014 Part I,A,,,
23,USNCO N2014 Part I,B,,,
24,USNCO N2014 Part I,B,,,
25,USNCO N2014 Part I,A,,,
26,USNCO N2014 Part I,C,,,
27,USNCO N2014 Part I,D,,,
28,USNCO N2014 Part I,C,,,
29,USNCO N2014 Part I,B,,,
30,USNCO N2014 Part I,C,,,
31,USNCO N2014 Part I,B,,,
32,USNCO N2014 Part I,A,,,
33,USNCO N2014 Part I,A,,,
34,USNCO N2014 Part I,B,,,
35,USNCO N2014 Part I,B,,,
36,USNCO N2014 Part I,B,,,
37,USNCO N2014 Part I,C,,,
38,USNCO N2014 Part I,C,,,
39,USNCO N2014 Part I,D,,,
40,USNCO N2014 Part I,B,,,
41,USNCO N2014 Part I,B,,,
42,USNCO N2014 Part I,A,,,
43,USNCO N2014 Part I,B,,,
44,USNCO N2014 Part I,C,,,
45,USNCO N2014 Part I,C,,,
46,USNCO N2014 Part I,C,,,
47,USNCO N2014 Part I,D,,,
48,USNCO N2014 Part I,C,,,
49,USNCO N2014 Part I,B,,,
50,USNCO N2014 Part I,B,,,
51,USNCO N2014 Part I,C,,,
52,USNCO N2014 Part I,B,,,
53,USNCO N2014 Part I,A,,,
54,USNCO N2014 Part I,A,,,
55,USNCO N2014 Part I,A,,,
56,USNCO N2014 Part I,B,,,
57,USNCO N2014 Part I,B,,,
58,USNCO N2014 Part I,A,,,
59,USNCO N2014 Part I,B,,,
60,USNCO N2014 Part I,D,,,
1,USNCO N2013 Part I,C,,,
2,USNCO N2013 Part I,A,,,
3,USNCO N2013 Part I,C,,,
4,USNCO N2013 Part I,B,,,
5,USNCO N2013 Part I,A,,,
6,USNCO N2013 Part I,A,,,
7,USNCO N2013 Part I,A,,,
8,USNCO N2013 Part I,A,,,
9,USNCO N2013 Part I,B,,,
10,USNCO N2013 Part I,D,,,
11,USNCO N2013 Part I,B,,,
12,USNCO N2013 Part I,D,,,
13,USNCO N2013 Part I,B,,,
14,USNCO N2013 Part I,A,,,
15,USNCO N2013 Part I,B,,,
16,USNCO N2013 Part I,C,,,
17,USNCO N2013 Part I,D,,,
18,USNCO N2013 Part I,D,,,
19,USNCO N2013 Part I,C,,,
20,USNCO N2013 Part I,B,,,
21,USNCO N2013 Part I,B,,,
22,USNCO N2013 Part I,C,,,
23,USNCO N2013 Part I,C,,,
24,USNCO N2013 Part I,A,,,
25,USNCO N2013 Part I,A,,,
26,USNCO N2013 Part I,C,,,
27,USNCO N2013 Part I,A,,,
28,USNCO N2013 Part I,D,,,
29,USNCO N2013 Part I,C,,,
30,USNCO N2013 Part I,B,,,
31,USNCO N2013 Part I,A,,,
32,USNCO N2013 Part I,B,,,
33,USNCO N2013 Part I,C,,,
34,USNCO N2013 Part I,D,,,
35,USNCO N2013 Part I,C,,,
36,USNCO N2013 Part I,A,,,
37,USNCO N2013 Part I,B,,,
38,USNCO N2013 Part I,B,,,
39,USNCO N2013 Part I,B,,,
40,USNCO N2013 Part I,B,,,
41,USNCO N2013 Part I,A,,,
42,USNCO N2013 Part I,D,,,
43,USNCO N2013 Part I,C,,,
44,USNCO N2013 Part I,A,,,
45,USNCO N2013 Part I,C,,,
46,USNCO N2013 Part I,D,,,
47,USNCO N2013 Part I,A,,,
48,USNCO N2013 Part I,D,,,
49,USNCO N2013 Part I,D,,,
50,USNCO N2013 Part I,B,,,
51,USNCO N2013 Part I,A,,,
52,USNCO N2013 Part I,B,,,
53,USNCO N2013 Part I,A,,,
54,USNCO N2013 Part I,D,,,
55,USNCO N2013 Part I,D,,,
56,USNCO N2013 Part I,B,,,
57,USNCO N2013 Part I,B,,,
58,USNCO N2013 Part I,D,,,
59,USNCO N2013 Part I,D,,,
60,USNCO N2013 Part I,A,,,
1,USNCO N2012 Part I,D,,,
2,USNCO N2012 Part I,D,,,
3,USNCO N2012 Part I,B,,,
4,USNCO N2012 Part I,D,,,
5,USNCO N2012 Part I,C,,,
6,USNCO N2012 Part I,D,,,
7,USNCO N2012 Part I,A,,,
8,USNCO N2012 Part I,D,,,
9,USNCO N2012 Part I,B,,,
10,USNCO N2012 Part I,B,,,
11,USNCO N2012 Part I,A,,,
12,USNCO N2012 Part I,C,,,
13,USNCO N2012 Part I,A,,,
14,USNCO N2012 Part I,B,,,
15,USNCO N2012 Part I,A,,,
16,USNCO N2012 Part I,B,,,
17,USNCO N2012 Part I,C,,,
18,USNCO N2012 Part I,B,,,
19,USNCO N2012 Part I,B,,,
20,USNCO N2012 Part I,A,,,
21,USNCO N2012 Part I,A,,,
22,USNCO N2012 Part I,C,,,
23,USNCO N2012 Part I,C,,,
24,USNCO N2012 Part I,D,,,
25,USNCO N2012 Part I,A,,,
26,USNCO N2012 Part I,A,,,
27,USNCO N2012 Part I,C,,,
28,USNCO N2012 Part I,B,,,
29,USNCO N2012 Part I,C,,,
30,USNCO N2012 Part I,C,,,
31,USNCO N2012 Part I,D,,,
32,USNCO N2012 Part I,D,,,
33,USNCO N2012 Part I,C,,,
34,USNCO N2012 Part I,A,,,
35,USNCO N2012 Part I,A,,,
36,USNCO N2012 Part I,D,,,
37,USNCO N2012 Part I,B,,,
38,USNCO N2012 Part I,B,,,
39,USNCO N2012 Part I,D,,,
40,USNCO N2012 Part I,A,,,
41,USNCO N2012 Part I,C,,,
42,USNCO N2012 Part I,C,,,
43,USNCO N2012 Part I,A,,,
44,USNCO N2012 Part I,B,,,
45,USNCO N2012 Part I,D,,,
46,USNCO N2012 Part I,C,,,
47,USNCO N2012 Part I,A,,,
48,USNCO N2012 Part I,C,,,
49,USNCO N2012 Part I,A,,,
50,USNCO N2012 Part I,B,,,
51,USNCO N2012 Part I,C,,,
52,USNCO N2012 Part I,D,,,
53,USNCO N2012 Part I,A,,,
54,USNCO N2012 Part I,C,,,
55,USNCO N2012 Part I,A,,,
56,USNCO N2012 Part I,D,,,
57,USNCO N2012 Part I,B,,,
58,USNCO N2012 Part I,C,,,
59,USNCO N2012 Part I,C,,,
60,USNCO N2012 Part I,D,,,
1,USNCO N2011 Part I,D,,,
2,USNCO N2011 Part I,A,,,
3,USNCO N2011 Part I,C,,,
4,USNCO N2011 Part I,B,,,
5,USNCO N2011 Part I,C,,,
6,USNCO N2011 Part I,B,,,
7,USNCO N2011 Part I,D,,,
8,USNCO N2011 Part I,B,,,
9,USNCO N2011 Part I,D,,,
10,USNCO N2011 Part I,C,,,
11,USNCO N2011 Part I,A,,,
12,USNCO N2011 Part I,B,,,
13,USNCO N2011 Part I,A,,,
14,USNCO N2011 Part I,A,,,
15,USNCO N2011 Part I,D,,,
16,USNCO N2011 Part I,B,,,
17,USNCO N2011 Part I,D,,,
18,USNCO N2011 Part I,C,,,
19,USNCO N2011 Part I,D,,,
20,USNCO N2011 Part I,B,,,
21,USNCO N2011 Part I,B,,,
22,USNCO N2011 Part I,A,,,
23,USNCO N2011 Part I,A,,,
24,USNCO N2011 Part I,D,,,
25,USNCO N2011 Part I,D,,,
26,USNCO N2011 Part I,A,,,
27,USNCO N2011 Part I,C,,,
28,USNCO N2011 Part I,B,,,
29,USNCO N2011 Part I,B,,,
30,USNCO N2011 Part I,D,,,
31,USNCO N2011 Part I,A,,,
32,USNCO N2011 Part I,A,,,
33,USNCO N2011 Part I,C,,,
34,USNCO N2011 Part I,B,,,
35,USNCO N2011 Part I,B,,,
36,USNCO N2011 Part I,C,,,
37,USNCO N2011 Part I,B,,,
38,USNCO N2011 Part I,A,,,
39,USNCO N2011 Part I,A,,,
40,USNCO N2011 Part I,B,,,
41,USNCO N2011 Part I,B,,,
42,USNCO N2011 Part I,D,,,
43,USNCO N2011 Part I,C,,,
44,USNCO N2011 Part I,A,,,
45,USNCO N2011 Part I,D,,,
46,USNCO N2011 Part I,C,,,
47,USNCO N2011 Part I,C,,,
48,USNCO N2011 Part I,B,,,
49,USNCO N2011 Part I,A,,,
50,USNCO N2011 Part I,A,,,
51,USNCO N2011 Part I,C,,,
52,USNCO N2011 Part I,A,,,
53,USNCO N2011 Part I,B,,,
54,USNCO N2011 Part I,D,,,
55,USNCO N2011 Part I,D,,,
56,USNCO N2011 Part I,C,,,
57,USNCO N2011 Part I,B,,,
58,USNCO N2011 Part I,C,,,
59,USNCO N2011 Part I,B,,,
60,USNCO N2011 Part I,A,,,
1,USNCO N2010 Part I,A,,,
2,USNCO N2010 Part I,B,,,
3,USNCO N2010 Part I,D,,,
4,USNCO N2010 Part I,C,,,
5,USNCO N2010 Part I,C,,,
6,USNCO N2010 Part I,B,,,
7,USNCO N2010 Part I,D,,,
8,USNCO N2010 Part I,B,,,
9,USNCO N2010 Part I,D,,,
10,USNCO N2010 Part I,B,,,
11,USNCO N2010 Part I,A,,,
12,USNCO N2010 Part I,D,,,
13,USNCO N2010 Part I,C,,,
14,USNCO N2010 Part I,B,,,
15,USNCO N2010 Part I,D,,,
16,USNCO N2010 Part I,A,,,
17,USNCO N2010 Part I,C,,,
18,USNCO N2010 Part I,C,,,
19,USNCO N2010 Part I,D,,,
20,USNCO N2010 Part I,A,,,
21,USNCO N2010 Part I,B,,,
22,USNCO N2010 Part I,B,,,
23,USNCO N2010 Part I,C,,,
24,USNCO N2010 Part I,D,,,
25,USNCO N2010 Part I,D,,,
26,USNCO N2010 Part I,C,,,
27,USNCO N2010 Part I,B,,,
28,USNCO N2010 Part I,B,,,
29,USNCO N2010 Part I,C,,,
30,USNCO N2010 Part I,A,,,
31,USNCO N2010 Part I,B,,,
32,USNCO N2010 Part I,A,,,
33,USNCO N2010 Part I,D,,,
34,USNCO N2010 Part I,D,,,
35,USNCO N2010 Part I,D,,,
36,USNCO N2010 Part I,A,,,
37,USNCO N2010 Part I,D,,,
38,USNCO N2010 Part I,C,,,
39,USNCO N2010 Part I,A,,,
40,USNCO N2010 Part I,B,,,
41,USNCO N2010 Part I,C,,,
42,USNCO N2010 Part I,A,,,
43,USNCO N2010 Part I,A,,,
44,USNCO N2010 Part I,C,,,
45,USNCO N2010 Part I,B,,,
46,USNCO N2010 Part I,B,,,
47,USNCO N2010 Part I,D,,,
48,USNCO N2010 Part I,A,,,
49,USNCO N2010 Part I,D,,,
50,USNCO N2010 Part I,C,,,
51,USNCO N2010 Part I,D,,,
52,USNCO N2010 Part I,B,,,
53,USNCO N2010 Part I,A,,,
54,USNCO N2010 Part I,D,,,
55,USNCO N2010 Part I,C,,,
56,USNCO N2010 Part I,D,,,
57,USNCO N2010 Part I,B,,,
58,USNCO N2010 Part I,A,,,
59,USNCO N2010 Part I,D,,,
60,USNCO N2010 Part I,C,,,
1,USNCO N2009 Part I,D,,,
2,USNCO N2009 Part I,C,,,
3,USNCO N2009 Part I,D,,,
4,USNCO N2009 Part I,B,,,
5,USNCO N2009 Part I,B,,,
6,USNCO N2009 Part I,A,,,
7,USNCO N2009 Part I,D,,,
8,USNCO N2009 Part I,A,,,
9,USNCO N2009 Part I,B,,,
10,USNCO N2009 Part I,C,,,
11,USNCO N2009 Part I,B,,,
12,USNCO N2009 Part I,A,,,
13,USNCO N2009 Part I,D,,,
14,USNCO N2009 Part I,C,,,
15,USNCO N2009 Part I,B,,,
16,USNCO N2009 Part I,C,,,
17,USNCO N2009 Part I,C,,,
18,USNCO N2009 Part I,A,,,
19,USNCO N2009 Part I,A,,,
20,USNCO N2009 Part I,D,,,
21,USNCO N2009 Part I,C,,,
22,USNCO N2009 Part I,C,,,
23,USNCO N2009 Part I,D,,,
24,USNCO N2009 Part I,D,,,
25,USNCO N2009 Part I,C,,,
26,USNCO N2009 Part I,B,,,
27,USNCO N2009 Part I,C,,,
28,USNCO N2009 Part I,D,,,
29,USNCO N2009 Part I,A,,,
30,USNCO N2009 Part I,D,,,
31,USNCO N2009 Part I,A,,,
32,USNCO N2009 Part I,C,,,
33,USNCO N2009 Part I,B,,,
34,USNCO N2009 Part I,A,,,
35,USNCO N2009 Part I,D,,,
36,USNCO N2009 Part I,B,,,
37,USNCO N2009 Part I,A,,,
38,USNCO N2009 Part I,D,,,
39,USNCO N2009 Part I,B,,,
40,USNCO N2009 Part I,D,,,
41,USNCO N2009 Part I,A,,,
42,USNCO N2009 Part I,A,,,
43,USNCO N2009 Part I,C,,,
44,USNCO N2009 Part I,D,,,
45,USNCO N2009 Part I,D,,,
46,USNCO N2009 Part I,B,,,
47,USNCO N2009 Part I,A,,,
48,USNCO N2009 Part I,C,,,
49,USNCO N2009 Part I,B,,,
50,USNCO N2009 Part I,A,,,
51,USNCO N2009 Part I,B,,,
52,USNCO N2009 Part I,C,,,
53,USNCO N2009 Part I,A,,,
54,USNCO N2009 Part I,C,,,
55,USNCO N2009 Part I,C,,,
56,USNCO N2009 Part I,B,,,
57,USNCO N2009 Part I,B,,,
58,USNCO N2009 Part I,A,,,
59,USNCO N2009 Part I,A,,,
60,USNCO N2009 Part I,B,,,
1,USNCO N2008 Part I,B,,,
2,USNCO N2008 Part I,C,,,
3,USNCO N2008 Part I,B,,,
4,USNCO N2008 Part I,D,,,
5,USNCO N2008 Part I,A,,,
6,USNCO N2008 Part I,C,,,
7,USNCO N2008 Part I,A,,,
8,USNCO N2008 Part I,B,,,
9,USNCO N2008 Part I,D,,,
10,USNCO N2008 Part I,A,,,
11,USNCO N2008 Part I,C,,,
12,USNCO N2008 Part I,B,,,
13,USNCO N2008 Part I,A,,,
14,USNCO N2008 Part I,C,,,
15,USNCO N2008 Part I,D,,,
16,USNCO N2008 Part I,C,,,
17,USNCO N2008 Part I,A,,,
18,USNCO N2008 Part I,B,,,
19,USNCO N2008 Part I,C,,,
20,USNCO N2008 Part I,C,,,
21,USNCO N2008 Part I,A,,,
22,USNCO N2008 Part I,D,,,
23,USNCO N2008 Part I,B,,,
24,USNCO N2008 Part I,A,,,
25,USNCO N2008 Part I,A,,,
26,USNCO N2008 Part I,B,,,
27,USNCO N2008 Part I,D,,,
28,USNCO N2008 Part I,D,,,
29,USNCO N2008 Part I,C,,,
30,USNCO N2008 Part I,B,,,
31,USNCO N2008 Part I,D,,,
32,USNCO N2008 Part I,B,,,
33,USNCO N2008 Part I,C,,,
34,USNCO N2008 Part I,D,,,
35,USNCO N2008 Part I,A,,,
36,USNCO N2008 Part I,D,,,
37,USNCO N2008 Part I,D,,,
38,USNCO N2008 Part I,A,,,
39,USNCO N2008 Part I,C,,,
40,USNCO N2008 Part I,A,,,
41,USNCO N2008 Part I,B,,,
42,USNCO N2008 Part I,C,,,
43,USNCO N2008 Part I,B,,,
44,USNCO N2008 Part I,A,,,
45,USNCO N2008 Part I,B,,,
46,USNCO N2008 Part I,C,,,
47,USNCO N2008 Part I,C,,,
48,USNCO N2008 Part I,D,,,
49,USNCO N2008 Part I,C,,,
50,USNCO N2008 Part I,D,,,
51,USNCO N2008 Part I,A,,,
52,USNCO N2008 Part I,A,,,
53,USNCO N2008 Part I,D,,,
54,USNCO N2008 Part I,B,,,
55,USNCO N2008 Part I,B,,,
56,USNCO N2008 Part I,A,,,
57,USNCO N2008 Part I,A,,,
58,USNCO N2008 Part I,D,,,
59,USNCO N2008 Part I,C,,,
60,USNCO N2008 Part I,C,,,
1,USNCO N2007 Part I,A,,,
2,USNCO N2007 Part I,B,,,
3,USNCO N2007 Part I,D,,,
4,USNCO N2007 Part I,B,,,
5,USNCO N2007 Part I,C,,,
6,USNCO N2007 Part I,A,,,
7,USNCO N2007 Part I,A,,,
8,USNCO N2007 Part I,B,,,
9,USNCO N2007 Part I,A,,,
10,USNCO N2007 Part I,C,,,
11,USNCO N2007 Part I,C,,,
12,USNCO N2007 Part I,A,,,
13,USNCO N2007 Part I,B,,,
14,USNCO N2007 Part I,D,,,
15,USNCO N2007 Part I,A,,,
16,USNCO N2007 Part I,D,,,
17,USNCO N2007 Part I,A,,,
18,USNCO N2007 Part I,B,,,
19,USNCO N2007 Part I,A,,,
20,USNCO N2007 Part I,A,,,
21,USNCO N2007 Part I,D,,,
22,USNCO N2007 Part I,D,,,
23,USNCO N2007 Part I,C,,,
24,USNCO N2007 Part I,B,,,
25,USNCO N2007 Part I,C,,,
26,USNCO N2007 Part I,D,,,
27,USNCO N2007 Part I,C,,,
28,USNCO N2007 Part I,C,,,
29,USNCO N2007 Part I,B,,,
30,USNCO N2007 Part I,D,,,
31,USNCO N2007 Part I,B,,,
32,USNCO N2007 Part I,D,,,
33,USNCO N2007 Part I,B,,,
34,USNCO N2007 Part I,B,,,
35,USNCO N2007 Part I,D,,,
36,USNCO N2007 Part I,C,,,
37,USNCO N2007 Part I,D,,,
38,USNCO N2007 Part I,A,,,
39,USNCO N2007 Part I,B,,,
40,USNCO N2007 Part I,D,,,
41,USNCO N2007 Part I,A,,,
42,USNCO N2007 Part I,B,,,
43,USNCO N2007 Part I,C,,,
44,USNCO N2007 Part I,B,,,
45,USNCO N2007 Part I,A,,,
46,USNCO N2007 Part I,C,,,
47,USNCO N2007 Part I,B,,,
48,USNCO N2007 Part I,A,,,
49,USNCO N2007 Part I,D,,,
50,USNCO N2007 Part I,C,,,
51,USNCO N2007 Part I,D,,,
52,USNCO N2007 Part I,C,,,
53,USNCO N2007 Part I,C,,,
54,USNCO N2007 Part I,A,,,
55,USNCO N2007 Part I,B,,,
56,USNCO N2007 Part I,A,,,
57,USNCO N2007 Part I,A,,,
58,USNCO N2007 Part I,B,,,
59,USNCO N2007 Part I,D,,,
60,USNCO N2007 Part I,D,,,
1,USNCO N2006 Part I,A,,,
2,USNCO N2006 Part I,A,,,
3,USNCO N2006 Part I,B,,,
4,USNCO N2006 Part I,A,,,
5,USNCO N2006 Part I,B,,,
6,USNCO N2006 Part I,A,,,
7,USNCO N2006 Part I,B,,,
8,USNCO N2006 Part I,D,,,
9,USNCO N2006 Part I,B,,,
10,USNCO N2006 Part I,C,,,
11,USNCO N2006 Part I,D,,,
12,USNCO N2006 Part I,D,,,
13,USNCO N2006 Part I,C,,,
14,USNCO N2006 Part I,A,,,
15,USNCO N2006 Part I,C,,,
16,USNCO N2006 Part I,C,,,
17,USNCO N2006 Part I,B,,,
18,USNCO N2006 Part I,A,,,
19,USNCO N2006 Part I,B,,,
20,USNCO N2006 Part I,C,,,
21,USNCO N2006 Part I,B,,,
22,USNCO N2006 Part I,D,,,
23,USNCO N2006 Part I,D,,,
24,USNCO N2006 Part I,B,,,
25,USNCO N2006 Part I,C,,,
26,USNCO N2006 Part I,C,,,
27,USNCO N2006 Part I,A,,,
28,USNCO N2006 Part I,C,,,
29,USNCO N2006 Part I,D,,,
30,USNCO N2006 Part I,B,,,
31,USNCO N2006 Part I,A,,,
32,USNCO N2006 Part I,B,,,
33,USNCO N2006 Part I,C,,,
34,USNCO N2006 Part I,A,,,
35,USNCO N2006 Part I,B,,,
36,USNCO N2006 Part I,A,,,
37,USNCO N2006 Part I,D,,,
38,USNCO N2006 Part I,C,,,
39,USNCO N2006 Part I,D,,,
40,USNCO N2006 Part I,A,,,
41,USNCO N2006 Part I,C,,,
42,USNCO N2006 Part I,C,,,
43,USNCO N2006 Part I,D,,,
44,USNCO N2006 Part I,C,,,
45,USNCO N2006 Part I,A,,,
46,USNCO N2006 Part I,D,,,
47,USNCO N2006 Part I,C,,,
48,USNCO N2006 Part I,B,,,
49,USNCO N2006 Part I,A,,,
50,USNCO N2006 Part I,D,,,
51,USNCO N2006 Part I,B,,,
52,USNCO N2006 Part I,D,,,
53,USNCO N2006 Part I,B,,,
54,USNCO N2006 Part I,A,,,
55,USNCO N2006 Part I,D,,,
56,USNCO N2006 Part I,A,,,
57,USNCO N2006 Part I,C,,,
58,USNCO N2006 Part I,D,,,
59,USNCO N2006 Part I,B,,,
60,USNCO N2006 Part I,D,,,
1,USNCO N2005 Part I,B,,,
2,USNCO N2005 Part I,D,,,
3,USNCO N2005 Part I,A,,,
4,USNCO N2005 Part I,C,,,
5,USNCO N2005 Part I,D,,,
6,USNCO N2005 Part I,D,,,
7,USNCO N2005 Part I,A,,,
8,USNCO N2005 Part I,C,,,
9,USNCO N2005 Part I,A,,,
10,USNCO N2005 Part I,B,,,
11,USNCO N2005 Part I,D,,,
12,USNCO N2005 Part I,A,,,
13,USNCO N2005 Part I,D,,,
14,USNCO N2005 Part I,D,,,
15,USNCO N2005 Part I,A,,,
16,USNCO N2005 Part I,A,,,
17,USNCO N2005 Part I,D,,,
18,USNCO N2005 Part I,D,,,
19,USNCO N2005 Part I,C,,,
20,USNCO N2005 Part I,C,,,
21,USNCO N2005 Part I,A,,,
22,USNCO N2005 Part I,D,,,
23,USNCO N2005 Part I,D,,,
24,USNCO N2005 Part I,B,,,
25,USNCO N2005 Part I,A,,,
26,USNCO N2005 Part I,B,,,
27,USNCO N2005 Part I,C,,,
28,USNCO N2005 Part I,D,,,
29,USNCO N2005 Part I,C,,,
30,USNCO N2005 Part I,B,,,
31,USNCO N2005 Part I,A,,,
32,USNCO N2005 Part I,A,,,
33,USNCO N2005 Part I,D,,,
34,USNCO N2005 Part I,B,,,
35,USNCO N2005 Part I,B,,,
36,USNCO N2005 Part I,B,,,
37,USNCO N2005 Part I,C,,,
38,USNCO N2005 Part I,B,,,
39,USNCO N2005 Part I,C,,,
40,USNCO N2005 Part I,D,,,
41,USNCO N2005 Part I,C,,,
42,USNCO N2005 Part I,A,,,
43,USNCO N2005 Part I,C,,,
44,USNCO N2005 Part I,A,,,
45,USNCO N2005 Part I,A,,,
46,USNCO N2005 Part I,B,,,
47,USNCO N2005 Part I,B,,,
48,USNCO N2005 Part I,D,,,
49,USNCO N2005 Part I,C,,,
50,USNCO N2005 Part I,B,,,
51,USNCO N2005 Part I,A,,,
52,USNCO N2005 Part I,C,,,
53,USNCO N2005 Part I,B,,,
54,USNCO N2005 Part I,D,,,
55,USNCO N2005 Part I,D,,,
56,USNCO N2005 Part I,D,,,
57,USNCO N2005 Part I,C,,,
58,USNCO N2005 Part I,D,,,
59,USNCO N2005 Part I,D,,,
60,USNCO N2005 Part I,B,,,
1,USNCO N2004 Part I,A,,,
2,USNCO N2004 Part I,B,,,
3,USNCO N2004 Part I,A,,,
4,USNCO N2004 Part I,C,,,
5,USNCO N2004 Part I,A,,,
6,USNCO N2004 Part I,D,,,
7,USNCO N2004 Part I,D,,,
8,USNCO N2004 Part I,B,,,
9,USNCO N2004 Part I,A,,,
10,USNCO N2004 Part I,B,,,
11,USNCO N2004 Part I,D,,,
12,USNCO N2004 Part I,A,,,
13,USNCO N2004 Part I,B,,,
14,USNCO N2004 Part I,C,,,
15,USNCO N2004 Part I,D,,,
16,USNCO N2004 Part I,A,,,
17,USNCO N2004 Part I,D,,,
18,USNCO N2004 Part I,B,,,
19,USNCO N2004 Part I,B,,,
20,USNCO N2004 Part I,D,,,
21,USNCO N2004 Part I,D,,,
22,USNCO N2004 Part I,C,,,
23,USNCO N2004 Part I,B,,,
24,USNCO N2004 Part I,D,,,
25,USNCO N2004 Part I,B,,,
26,USNCO N2004 Part I,D,,,
27,USNCO N2004 Part I,C,,,
28,USNCO N2004 Part I,D,,,
29,USNCO N2004 Part I,D,,,
30,USNCO N2004 Part I,C,,,
31,USNCO N2004 Part I,D,,,
32,USNCO N2004 Part I,D,,,
33,USNCO N2004 Part I,A,,,
34,USNCO N2004 Part I,B,,,
35,USNCO N2004 Part I,D,,,
36,USNCO N2004 Part I,A,,,
37,USNCO N2004 Part I,B,,,
38,USNCO N2004 Part I,D,,,
39,USNCO N2004 Part I,D,,,
40,USNCO N2004 Part I,D,,,
41,USNCO N2004 Part I,A,,,
42,USNCO N2004 Part I,C,,,
43,USNCO N2004 Part I,A,,,
44,USNCO N2004 Part I,B,,,
45,USNCO N2004 Part I,B,,,
46,USNCO N2004 Part I,C,,,
47,USNCO N2004 Part I,C,,,
48,USNCO N2004 Part I,A,,,
49,USNCO N2004 Part I,D,,,
50,USNCO N2004 Part I,C,,,
51,USNCO N2004 Part I,B,,,
52,USNCO N2004 Part I,A,,,
53,USNCO N2004 Part I,B,,,
54,USNCO N2004 Part I,D,,,
55,USNCO N2004 Part I,C,,,
56,USNCO N2004 Part I,D,,,
57,USNCO N2004 Part I,B,,,
58,USNCO N2004 Part I,D,,,
59,USNCO N2004 Part I,A,,,
60,USNCO N2004 Part I,C,,,
1,USNCO N2003 Part I,D,,,
2,USNCO N2003 Part I,B,,,
3,USNCO N2003 Part I,B,,,
4,USNCO N2003 Part I,C,,,
5,USNCO N2003 Part I,D,,,
6,USNCO N2003 Part I,A,,,
7,USNCO N2003 Part I,B,,,
8,USNCO N2003 Part I,D,,,
9,USNCO N2003 Part I,C,,,
10,USNCO N2003 Part I,B,,,
11,USNCO N2003 Part I,D,,,
12,USNCO N2003 Part I,B,,,
13,USNCO N2003 Part I,C,,,
14,USNCO N2003 Part I,A,,,
15,USNCO N2003 Part I,A,,,
16,USNCO N2003 Part I,D,,,
17,USNCO N2003 Part I,D,,,
18,USNCO N2003 Part I,B,,,
19,USNCO N2003 Part I,A,,,
20,USNCO N2003 Part I,C,,,
21,USNCO N2003 Part I,B,,,
22,USNCO N2003 Part I,A,,,
23,USNCO N2003 Part I,B,,,
24,USNCO N2003 Part I,A,,,
25,USNCO N2003 Part I,D,,,
26,USNCO N2003 Part I,B,,,
27,USNCO N2003 Part I,D,,,
28,USNCO N2003 Part I,C,,,
29,USNCO N2003 Part I,D,,,
30,USNCO N2003 Part I,D,,,
31,USNCO N2003 Part I,C,,,
32,USNCO N2003 Part I,C,,,
33,USNCO N2003 Part I,D,,,
34,USNCO N2003 Part I,B,,,
35,USNCO N2003 Part I,C,,,
36,USNCO N2003 Part I,D,,,
37,USNCO N2003 Part I,D,,,
38,USNCO N2003 Part I,B,,,
39,USNCO N2003 Part I,D,,,
40,USNCO N2003 Part I,A,,,
41,USNCO N2003 Part I,C,,,
42,USNCO N2003 Part I,C,,,
43,USNCO N2003 Part I,C,,,
44,USNCO N2003 Part I,B,,,
45,USNCO N2003 Part I,A,,,
46,USNCO N2003 Part I,A,,,
47,USNCO N2003 Part I,A,,,
48,USNCO N2003 Part I,A,,,
49,USNCO N2003 Part I,C,,,
50,USNCO N2003 Part I,C,,,
51,USNCO N2003 Part I,A,,,
52,USNCO N2003 Part I,A,,,
53,USNCO N2003 Part I,B,,,
54,USNCO N2003 Part I,A,,,
55,USNCO N2003 Part I,A,,,
56,USNCO N2003 Part I,C,,,
57,USNCO N2003 Part I,D,,,
58,USNCO N2003 Part I,B,,,
59,USNCO N2003 Part I,B,,,
60,USNCO N2003 Part I,B,,,
1,USNCO N2002 Part I,D,,,
2,USNCO N2002 Part I,C,,,
3,USNCO N2002 Part I,B,,,
4,USNCO N2002 Part I,D,,,
5,USNCO N2002 Part I,B,,,
6,USNCO N2002 Part I,C,,,
7,USNCO N2002 Part I,A,,,
8,USNCO N2002 Part I,A,,,
9,USNCO N2002 Part I,D,,,
10,USNCO N2002 Part I,A,,,
11,USNCO N2002 Part I,D,,,
12,USNCO N2002 Part I,D,,,
13,USNCO N2002 Part I,B,,,
14,USNCO N2002 Part I,C,,,
15,USNCO N2002 Part I,C,,,
16,USNCO N2002 Part I,A,,,
17,USNCO N2002 Part I,B,,,
18,USNCO N2002 Part I,A,,,
19,USNCO N2002 Part I,D,,,
20,USNCO N2002 Part I,C,,,
21,USNCO N2002 Part I,A,,,
22,USNCO N2002 Part I,A,,,
23,USNCO N2002 Part I,B,,,
24,USNCO N2002 Part I,D,,,
25,USNCO N2002 Part I,C,,,
26,USNCO N2002 Part I,B,,,
27,USNCO N2002 Part I,A,,,
28,USNCO N2002 Part I,C,,,
29,USNCO N2002 Part I,B,,,
30,USNCO N2002 Part I,D,,,
31,USNCO N2002 Part I,C,,,
32,USNCO N2002 Part I,D,,,
33,USNCO N2002 Part I,C,,,
34,USNCO N2002 Part I,A,,,
35,USNCO N2002 Part I,A,,,
36,USNCO N2002 Part I,B,,,
37,USNCO N2002 Part I,C,,,
38,USNCO N2002 Part I,D,,,
39,USNCO N2002 Part I,B,,,
40,USNCO N2002 Part I,A,,,
41,USNCO N2002 Part I,A,,,
42,USNCO N2002 Part I,C,,,
43,USNCO N2002 Part I,B,,,
44,USNCO N2002 Part I,B,,,
45,USNCO N2002 Part I,D,,,
46,USNCO N2002 Part I,A,,,
47,USNCO N2002 Part I,D,,,
48,USNCO N2002 Part I,B,,,
49,USNCO N2002 Part I,D,,,
50,USNCO N2002 Part I,A,,,
51,USNCO N2002 Part I,B,,,
52,USNCO N2002 Part I,D,,,
53,USNCO N2002 Part I,C,,,
54,USNCO N2002 Part I,C,,,
55,USNCO N2002 Part I,B,,,
56,USNCO N2002 Part I,C,,,
57,USNCO N2002 Part I,B,,,
58,USNCO N2002 Part I,A,,,
59,USNCO N2002 Part I,D,,,
60,USNCO N2002 Part I,B,,,
1,USNCO N2001 Part I,C,,,
2,USNCO N2001 Part I,D,,,
3,USNCO N2001 Part I,B,,,
4,USNCO N2001 Part I,B,,,
5,USNCO N2001 Part I,D,,,
6,USNCO N2001 Part I,B,,,
7,USNCO N2001 Part I,C,,,
8,USNCO N2001 Part I,C,,,
9,USNCO N2001 Part I,D,,,
10,USNCO N2001 Part I,A,,,
11,USNCO N2001 Part I,A,,,
12,USNCO N2001 Part I,A,,,
13,USNCO N2001 Part I,B,,,
14,USNCO N2001 Part I,C,,,
15,USNCO N2001 Part I,D,,,
16,USNCO N2001 Part I,B,,,
17,USNCO N2001 Part I,A,,,
18,USNCO N2001 Part I,A,,,
19,USNCO N2001 Part I,B,,,
20,USNCO N2001 Part I,D,,,
21,USNCO N2001 Part I,C,,,
22,USNCO N2001 Part I,D,,,
23,USNCO N2001 Part I,A,,,
24,USNCO N2001 Part I,A,,,
25,USNCO N2001 Part I,B,,,
26,USNCO N2001 Part I,C,,,
27,USNCO N2001 Part I,C,,,
28,USNCO N2001 Part I,C,,,
29,USNCO N2001 Part I,D,,,
30,USNCO N2001 Part I,B,,,
31,USNCO N2001 Part I,B,,,
32,USNCO N2001 Part I,A,,,
33,USNCO N2001 Part I,B,,,
34,USNCO N2001 Part I,A,,,
35,USNCO N2001 Part I,C,,,
36,USNCO N2001 Part I,B,,,
37,USNCO N2001 Part I,D,,,
38,USNCO N2001 Part I,B,,,
39,USNCO N2001 Part I,B,,,
40,USNCO N2001 Part I,A,,,
41,USNCO N2001 Part I,A,,,
42,USNCO N2001 Part I,C,,,
43,USNCO N2001 Part I,C,,,
44,USNCO N2001 Part I,B,,,
45,USNCO N2001 Part I,D,,,
46,USNCO N2001 Part I,B,,,
47,USNCO N2001 Part I,B,,,
48,USNCO N2001 Part I,C,,,
49,USNCO N2001 Part I,D,,,
50,USNCO N2001 Part I,A,,,
51,USNCO N2001 Part I,C,,,
52,USNCO N2001 Part I,A,,,
53,USNCO N2001 Part I,D,,,
54,USNCO N2001 Part I,B,,,
55,USNCO N2001 Part I,C,,,
56,USNCO N2001 Part I,D,,,
57,USNCO N2001 Part I,D,,,
58,USNCO N2001 Part I,B,,,
59,USNCO N2001 Part I,A,,,
60,USNCO N2001 Part I,D,,,
1,USNCO N2000 Part I,C,,,
2,USNCO N2000 Part I,D,,,
3,USNCO N2000 Part I,C,,,
4,USNCO N2000 Part I,A,,,
5,USNCO N2000 Part I,B,,,
6,USNCO N2000 Part I,B,,,
7,USNCO N2000 Part I,B,,,
8,USNCO N2000 Part I,C,,,
9,USNCO N2000 Part I,A,,,
10,USNCO N2000 Part I,B,,,
11,USNCO N2000 Part I,D,,,
12,USNCO N2000 Part I,C,,,
13,USNCO N2000 Part I,B,,,
14,USNCO N2000 Part I,C,,,
15,USNCO N2000 Part I,D,,,
16,USNCO N2000 Part I,A,,,
17,USNCO N2000 Part I,B,,,
18,USNCO N2000 Part I,D,,,
19,USNCO N2000 Part I,C,,,
20,USNCO N2000 Part I,B,,,
21,USNCO N2000 Part I,A,,,
22,USNCO N2000 Part I,A,,,
23,USNCO N2000 Part I,C,,,
24,USNCO N2000 Part I,A,,,
25,USNCO N2000 Part I,A,,,
26,USNCO N2000 Part I,A,,,
27,USNCO N2000 Part I,C,,,
28,USNCO N2000 Part I,D,,,
29,USNCO N2000 Part I,C,,,
30,USNCO N2000 Part I,C,,,
31,USNCO N2000 Part I,B,,,
32,USNCO N2000 Part I,D,,,
33,USNCO N2000 Part I,C,,,
34,USNCO N2000 Part I,A,,,
35,USNCO N2000 Part I,D,,,
36,USNCO N2000 Part I,B,,,
37,USNCO N2000 Part I,A,,,
38,USNCO N2000 Part I,C,,,
39,USNCO N2000 Part I,D,,,
40,USNCO N2000 Part I,B,,,
41,USNCO N2000 Part I,B,,,
42,USNCO N2000 Part I,D,,,
43,USNCO N2000 Part I,B,,,
44,USNCO N2000 Part I,A,,,
45,USNCO N2000 Part I,C,,,
46,USNCO N2000 Part I,B,,,
47,USNCO N2000 Part I,C,,,
48,USNCO N2000 Part I,D,,,
49,USNCO N2000 Part I,A,,,
50,USNCO N2000 Part I,A,,,
51,USNCO N2000 Part I,A,,,
52,USNCO N2000 Part I,B,,,
53,USNCO N2000 Part I,D,,,
54,USNCO N2000 Part I,C,,,
55,USNCO N2000 Part I,D,,,
56,USNCO N2000 Part I,C,,,
57,USNCO N2000 Part I,D,,,
58,USNCO N2000 Part I,B,,,
59,USNCO N2000 Part I,A,,,
60,USNCO N2000 Part I,D,,,
1,USNCO N1999 Part I,D,,,
2,USNCO N1999 Part I,D,,,
3,USNCO N1999 Part I,B,,,
4,USNCO N1999 Part I,D,,,
5,USNCO N1999 Part I,D,,,
6,USNCO N1999 Part I,A,,,
7,USNCO N1999 Part I,C,,,
8,USNCO N1999 Part I,B,,,
9,USNCO N1999 Part I,B,,,
10,USNCO N1999 Part I,D,,,
11,USNCO N1999 Part I,D,,,
12,USNCO N1999 Part I,C,,,
13,USNCO N1999 Part I,B,,,
14,USNCO N1999 Part I,A,,,
15,USNCO N1999 Part I,C,,,
16,USNCO N1999 Part I,C,,,
17,USNCO N1999 Part I,D,,,
18,USNCO N1999 Part I,B,,,
19,USNCO N1999 Part I,A,,,
20,USNCO N1999 Part I,B,,,
21,USNCO N1999 Part I,C,,,
22,USNCO N1999 Part I,A,,,
23,USNCO N1999 Part I,A,,,
24,USNCO N1999 Part I,A,,,
25,USNCO N1999 Part I,A,,,
26,USNCO N1999 Part I,D,,,
27,USNCO N1999 Part I,C,,,
28,USNCO N1999 Part I,C,,,
29,USNCO N1999 Part I,D,,,
30,USNCO N1999 Part I,C,,,
31,USNCO N1999 Part I,D,,,
32,USNCO N1999 Part I,C,,,
33,USNCO N1999 Part I,A,,,
34,USNCO N1999 Part I,A,,,
35,USNCO N1999 Part I,D,,,
36,USNCO N1999 Part I,B,,,
37,USNCO N1999 Part I,B,,,
38,USNCO N1999 Part I,D,,,
39,USNCO N1999 Part I,A,,,
40,USNCO N1999 Part I,C,,,
41,USNCO N1999 Part I,A,,,
42,USNCO N1999 Part I,D,,,
43,USNCO N1999 Part I,C,,,
44,USNCO N1999 Part I,C,,,
45,USNCO N1999 Part I,B,,,
46,USNCO N1999 Part I,B,,,
47,USNCO N1999 Part I,D,,,
48,USNCO N1999 Part I,A,,,
49,USNCO N1999 Part I,C,,,
50,USNCO N1999 Part I,C,,,
51,USNCO N1999 Part I,B,,,
52,USNCO N1999 Part I,B,,,
53,USNCO N1999 Part I,A,,,
54,USNCO N1999 Part I,D,,,
55,USNCO N1999 Part I,B,,,
56,USNCO N1999 Part I,C,,,
57,USNCO N1999 Part I,A,,,
58,USNCO N1999 Part I,A,,,
59,USNCO N1999 Part I,B,,,
60,USNCO N1999 Part I,A,,,
1,USNCO L2020,C,,,
2,USNCO L2020,D,,,
3,USNCO L2020,C,,,
4,USNCO L2020,C,,,
5,USNCO L2020,A,,,
6,USNCO L2020,B,,,
7,USNCO L2020,A,,,
8,USNCO L2020,C,,,
9,USNCO L2020,B,,,
10,USNCO L2020,C,,,
11,USNCO L2020,D,,,
12,USNCO L2020,A,,,
13,USNCO L2020,D,,,
14,USNCO L2020,A,,,
15,USNCO L2020,C,,,
16,USNCO L2020,D,,,
17,USNCO L2020,A,,,
18,USNCO L2020,B,,,
19,USNCO L2020,A,,,
20,USNCO L2020,A,,,
21,USNCO L2020,A,,,
22,USNCO L2020,B,,,
23,USNCO L2020,C,,,
24,USNCO L2020,D,,,
25,USNCO L2020,C,,,
26,USNCO L2020,D,,,
27,USNCO L2020,B,,,
28,USNCO L2020,C,,,
29,USNCO L2020,A,,,
30,USNCO L2020,D,,,
31,USNCO L2020,B,,,
32,USNCO L2020,D,,,
33,USNCO L2020,C,,,
34,USNCO L2020,D,,,
35,USNCO L2020,D,,,
36,USNCO L2020,A,,,
37,USNCO L2020,A,,,
38,USNCO L2020,B,,,
39,USNCO L2020,C,,,
40,USNCO L2020,C,,,
41,USNCO L2020,B,,,
42,USNCO L2020,D,,,
43,USNCO L2020,A,,,
44,USNCO L2020,D,,,
45,USNCO L2020,A,,,
46,USNCO L2020,C,,,
47,USNCO L2020,B,,,
48,USNCO L2020,A,,,
49,USNCO L2020,B,,,
50,USNCO L2020,C,,,
51,USNCO L2020,C,,,
52,USNCO L2020,A,,,
53,USNCO L2020,A,,,
54,USNCO L2020,B,,,
55,USNCO L2020,A,,,
56,USNCO L2020,D,,,
57,USNCO L2020,B,,,
58,USNCO L2020,C,,,
59,USNCO L2020,C,,,
60,USNCO L2020,B,,,
1,USNCO L2019,D,,,
2,USNCO L2019,A,,,
3,USNCO L2019,C,,,
4,USNCO L2019,A,,,
5,USNCO L2019,B,,,
6,USNCO L2019,D,,,
7,USNCO L2019,C,,,
8,USNCO L2019,A,,,
9,USNCO L2019,A,,,
10,USNCO L2019,C,,,
11,USNCO L2019,B,,,
12,USNCO L2019,C,,,
13,USNCO L2019,C,,,
14,USNCO L2019,D,,,
15,USNCO L2019,A,,,
16,USNCO L2019,B,,,
17,USNCO L2019,C,,,
18,USNCO L2019,B,,,
19,USNCO L2019,B,,,
20,USNCO L2019,C,,,
21,USNCO L2019,A,,,
22,USNCO L2019,B,,,
23,USNCO L2019,B,,,
24,USNCO L2019,A,,,
25,USNCO L2019,D,,,
26,USNCO L2019,D,,,
27,USNCO L2019,A,,,
28,USNCO L2019,A,,,
29,USNCO L2019,B,,,
30,USNCO L2019,B,,,
31,USNCO L2019,A,,,
32,USNCO L2019,D,,,
33,USNCO L2019,A,,,
34,USNCO L2019,D,,,
35,USNCO L2019,A,,,
36,USNCO L2019,B,,,
37,USNCO L2019,D,,,
38,USNCO L2019,A,,,
39,USNCO L2019,C,,,
40,USNCO L2019,B,,,
41,USNCO L2019,D,,,
42,USNCO L2019,A,,,
43,USNCO L2019,A,,,
44,USNCO L2019,D,,,
45,USNCO L2019,A,,,
46,USNCO L2019,B,,,
47,USNCO L2019,B,,,
48,USNCO L2019,A,,,
49,USNCO L2019,C,,,
50,USNCO L2019,A,,,
51,USNCO L2019,B,,,
52,USNCO L2019,A,,,
53,USNCO L2019,C,,,
54,USNCO L2019,C,,,
55,USNCO L2019,B,,,
56,USNCO L2019,C,,,
57,USNCO L2019,A,,,
58,USNCO L2019,D,,,
59,USNCO L2019,B,,,
60,USNCO L2019,D,,,
1,USNCO L2018,C,,,
2,USNCO L2018,A,,,
3,USNCO L2018,B,,,
4,USNCO L2018,C,,,
5,USNCO L2018,D,,,
6,USNCO L2018,D,,,
7,USNCO L2018,D,,,
8,USNCO L2018,D,,,
9,USNCO L2018,A,,,
10,USNCO L2018,B,,,
11,USNCO L2018,A,,,
12,USNCO L2018,B,,,
13,USNCO L2018,A,,,
14,USNCO L2018,D,,,
15,USNCO L2018,B,,,
16,USNCO L2018,A,,,
17,USNCO L2018,C,,,
18,USNCO L2018,C,,,
19,USNCO L2018,C,,,
20,USNCO L2018,A,,,
21,USNCO L2018,C,,,
22,USNCO L2018,B,,,
23,USNCO L2018,C,,,
24,USNCO L2018,A,,,
25,USNCO L2018,D,,,
26,USNCO L2018,C,,,
27,USNCO L2018,C,,,
28,USNCO L2018,D,,,
29,USNCO L2018,B,,,
30,USNCO L2018,A,,,
31,USNCO L2018,B,,,
32,USNCO L2018,B,,,
33,USNCO L2018,A,,,
34,USNCO L2018,A,,,
35,USNCO L2018,C,,,
36,USNCO L2018,B,,,
37,USNCO L2018,B,,,
38,USNCO L2018,A,,,
39,USNCO L2018,C,,,
40,USNCO L2018,C,,,
41,USNCO L2018,C,,,
42,USNCO L2018,D,,,
43,USNCO L2018,A,,,
44,USNCO L2018,C,,,
45,USNCO L2018,A,,,
46,USNCO L2018,C,,,
47,USNCO L2018,C,,,
48,USNCO L2018,B,,,
49,USNCO L2018,D,,,
50,USNCO L2018,B,,,
51,USNCO L2018,B,,,
52,USNCO L2018,B,,,
53,USNCO L2018,A,,,
54,USNCO L2018,D,,,
55,USNCO L2018,C,,,
56,USNCO L2018,C,,,
57,USNCO L2018,C,,,
58,USNCO L2018,A,,,
59,USNCO L2018,B,,,
60,USNCO L2018,A,,,
1,USNCO L2017,A,,,
2,USNCO L2017,D,,,
3,USNCO L2017,A,,,
4,USNCO L2017,C,,,
5,USNCO L2017,D,,,
6,USNCO L2017,B,,,
7,USNCO L2017,C,,,
8,USNCO L2017,A,,,
9,USNCO L2017,D,,,
10,USNCO L2017,C,,,
11,USNCO L2017,A,,,
12,USNCO L2017,D,,,
13,USNCO L2017,B,,,
14,USNCO L2017,B,,,
15,USNCO L2017,A,,,
16,USNCO L2017,A,,,
17,USNCO L2017,C,,,
18,USNCO L2017,A,,,
19,USNCO L2017,C,,,
20,USNCO L2017,B,,,
21,USNCO L2017,A,,,
22,USNCO L2017,D,,,
23,USNCO L2017,C,,,
24,USNCO L2017,D,,,
25,USNCO L2017,D,,,
26,USNCO L2017,C,,,
27,USNCO L2017,B,,,
28,USNCO L2017,C,,,
29,USNCO L2017,B,,,
30,USNCO L2017,D,,,
31,USNCO L2017,A,,,
32,USNCO L2017,C,,,
33,USNCO L2017,A,,,
34,USNCO L2017,A,,,
35,USNCO L2017,A,,,
36,USNCO L2017,B,,,
37,USNCO L2017,A,,,
38,USNCO L2017,B,,,
39,USNCO L2017,D,,,
40,USNCO L2017,B,,,
41,USNCO L2017,D,,,
42,USNCO L2017,A,,,
43,USNCO L2017,D,,,
44,USNCO L2017,A,,,
45,USNCO L2017,D,,,
46,USNCO L2017,B,,,
47,USNCO L2017,C,,,
48,USNCO L2017,C,,,
49,USNCO L2017,B,,,
50,USNCO L2017,C,,,
51,USNCO L2017,C,,,
52,USNCO L2017,B,,,
53,USNCO L2017,A,,,
54,USNCO L2017,B,,,
55,USNCO L2017,D,,,
56,USNCO L2017,D,,,
57,USNCO L2017,A,,,
58,USNCO L2017,B,,,
59,USNCO L2017,A,,,
60,USNCO L2017,C,,,
1,USNCO L2016,A,,,
2,USNCO L2016,A,,,
3,USNCO L2016,A,,,
4,USNCO L2016,B,,,
5,USNCO L2016,D,,,
6,USNCO L2016,A,,,
7,USNCO L2016,D,,,
8,USNCO L2016,D,,,
9,USNCO L2016,B,,,
10,USNCO L2016,A,,,
11,USNCO L2016,D,,,
12,USNCO L2016,D,,,
13,USNCO L2016,B,,,
14,USNCO L2016,D,,,
15,USNCO L2016,C,,,
16,USNCO L2016,B,,,
17,USNCO L2016,A,,,
18,USNCO L2016,C,,,
19,USNCO L2016,B,,,
20,USNCO L2016,C,,,
21,USNCO L2016,A,,,
22,USNCO L2016,C,,,
23,USNCO L2016,A,,,
24,USNCO L2016,D,,,
25,USNCO L2016,C,,,
26,USNCO L2016,C,,,
27,USNCO L2016,C,,,
28,USNCO L2016,A,,,
29,USNCO L2016,D,,,
30,USNCO L2016,A,,,
31,USNCO L2016,B,,,
32,USNCO L2016,A,,,
33,USNCO L2016,D,,,
34,USNCO L2016,C,,,
35,USNCO L2016,B,,,
36,USNCO L2016,D,,,
37,USNCO L2016,B,,,
38,USNCO L2016,B,,,
39,USNCO L2016,C,,,
40,USNCO L2016,A,,,
41,USNCO L2016,B,,,
42,USNCO L2016,D,,,
43,USNCO L2016,A,,,
44,USNCO L2016,A,,,
45,USNCO L2016,B,,,
46,USNCO L2016,C,,,
47,USNCO L2016,A,,,
48,USNCO L2016,B,,,
49,USNCO L2016,A,,,
50,USNCO L2016,C,,,
51,USNCO L2016,B,,,
52,USNCO L2016,C,,,
53,USNCO L2016,C,,,
54,USNCO L2016,B,,,
55,USNCO L2016,C,,,
56,USNCO L2016,D,,,
57,USNCO L2016,B,,,
58,USNCO L2016,D,,,
59,USNCO L2016,A,,,
60,USNCO L2016,B,,,
1,USNCO L2015,B,,,
2,USNCO L2015,A,,,
3,USNCO L2015,D,,,
4,USNCO L2015,C,,,
5,USNCO L2015,B,,,
6,USNCO L2015,A,,,
7,USNCO L2015,C,,,
8,USNCO L2015,C,,,
9,USNCO L2015,D,,,
10,USNCO L2015,A,,,
11,USNCO L2015,B,,,
12,USNCO L2015,B,,,
13,USNCO L2015,A,,,
14,USNCO L2015,B,,,
15,USNCO L2015,A,,,
16,USNCO L2015,C,,,
17,USNCO L2015,D,,,
18,USNCO L2015,B,,,
19,USNCO L2015,B,,,
20,USNCO L2015,B,,,
21,USNCO L2015,A,,,
22,USNCO L2015,D,,,
23,USNCO L2015,B,,,
24,USNCO L2015,A,,,
25,USNCO L2015,C,,,
26,USNCO L2015,B,,,
27,USNCO L2015,C,,,
28,USNCO L2015,C,,,
29,USNCO L2015,B,,,
30,USNCO L2015,D,,,
31,USNCO L2015,A,,,
32,USNCO L2015,D,,,
33,USNCO L2015,D,,,
34,USNCO L2015,C,,,
35,USNCO L2015,C,,,
36,USNCO L2015,C,,,
37,USNCO L2015,B,,,
38,USNCO L2015,B,,,
39,USNCO L2015,D,,,
40,USNCO L2015,A,,,
41,USNCO L2015,A,,,
42,USNCO L2015,C,,,
43,USNCO L2015,A,,,
44,USNCO L2015,D,,,
45,USNCO L2015,D,,,
46,USNCO L2015,B,,,
47,USNCO L2015,B,,,
48,USNCO L2015,A,,,
49,USNCO L2015,C,,,
50,USNCO L2015,B,,,
51,USNCO L2015,A,,,
52,USNCO L2015,B,,,
53,USNCO L2015,D,,,
54,USNCO L2015,D,,,
55,USNCO L2015,A,,,
56,USNCO L2015,D,,,
57,USNCO L2015,C,,,
58,USNCO L2015,D,,,
59,USNCO L2015,C,,,
60,USNCO L2015,B,,,
1,USNCO L2014,D,,,
2,USNCO L2014,C,,,
3,USNCO L2014,B,,,
4,USNCO L2014,C,,,
5,USNCO L2014,D,,,
6,USNCO L2014,A,,,
7,USNCO L2014,C,,,
8,USNCO L2014,A,,,
9,USNCO L2014,B,,,
10,USNCO L2014,B,,,
11,USNCO L2014,A,,,
12,USNCO L2014,A,,,
13,USNCO L2014,D,,,
14,USNCO L2014,A,,,
15,USNCO L2014,C,,,
16,USNCO L2014,D,,,
17,USNCO L2014,D,,,
18,USNCO L2014,C,,,
19,USNCO L2014,D,,,
20,USNCO L2014,B,,,
21,USNCO L2014,B,,,
22,USNCO L2014,B,,,
23,USNCO L2014,A,,,
24,USNCO L2014,C,,,
25,USNCO L2014,C,,,
26,USNCO L2014,A,,,
27,USNCO L2014,D,,,
28,USNCO L2014,C,,,
29,USNCO L2014,B,,,
30,USNCO L2014,D,,,
31,USNCO L2014,D,,,
32,USNCO L2014,D,,,
33,USNCO L2014,B,,,
34,USNCO L2014,C,,,
35,USNCO L2014,B,,,
36,USNCO L2014,A,,,
37,USNCO L2014,D,,,
38,USNCO L2014,A,,,
39,USNCO L2014,B,,,
40,USNCO L2014,D,,,
41,USNCO L2014,A,,,
42,USNCO L2014,B,,,
43,USNCO L2014,D,,,
44,USNCO L2014,C,,,
45,USNCO L2014,C,,,
46,USNCO L2014,B,,,
47,USNCO L2014,C,,,
48,USNCO L2014,B,,,
49,USNCO L2014,C,,,
50,USNCO L2014,D,,,
51,USNCO L2014,B,,,
52,USNCO L2014,C,,,
53,USNCO L2014,D,,,
54,USNCO L2014,A,,,
55,USNCO L2014,A,,,
56,USNCO L2014,A,,,
57,USNCO L2014,C,,,
58,USNCO L2014,B,,,
59,USNCO L2014,D,,,
60,USNCO L2014,B,,,
1,USNCO L2013,D,,,
2,USNCO L2013,B,,,
3,USNCO L2013,C,,,
4,USNCO L2013,B,,,
5,USNCO L2013,C,,,
6,USNCO L2013,C,,,
7,USNCO L2013,D,,,
8,USNCO L2013,B,,,
9,USNCO L2013,D,,,
10,USNCO L2013,A,,,
11,USNCO L2013,A,,,
12,USNCO L2013,D,,,
13,USNCO L2013,B,,,
14,USNCO L2013,B,,,
15,USNCO L2013,A,,,
16,USNCO L2013,B,,,
17,USNCO L2013,B,,,
18,USNCO L2013,D,,,
19,USNCO L2013,D,,,
20,USNCO L2013,A,,,
21,USNCO L2013,A,,,
22,USNCO L2013,B,,,
23,USNCO L2013,C,,,
24,USNCO L2013,B,,,
25,USNCO L2013,D,,,
26,USNCO L2013,B,,,
27,USNCO L2013,C,,,
28,USNCO L2013,D,,,
29,USNCO L2013,D,,,
30,USNCO L2013,A,,,
31,USNCO L2013,D,,,
32,USNCO L2013,B,,,
33,USNCO L2013,D,,,
34,USNCO L2013,D,,,
35,USNCO L2013,B,,,
36,USNCO L2013,C,,,
37,USNCO L2013,C,,,
38,USNCO L2013,A,,,
39,USNCO L2013,B,,,
40,USNCO L2013,B,,,
41,USNCO L2013,A,,,
42,USNCO L2013,B,,,
43,USNCO L2013,D,,,
44,USNCO L2013,C,,,
45,USNCO L2013,A,,,
46,USNCO L2013,D,,,
47,USNCO L2013,C,,,
48,USNCO L2013,B,,,
49,USNCO L2013,D,,,
50,USNCO L2013,C,,,
51,USNCO L2013,C,,,
52,USNCO L2013,D,,,
53,USNCO L2013,D,,,
54,USNCO L2013,D,,,
55,USNCO L2013,C,,,
56,USNCO L2013,B,,,
57,USNCO L2013,D,,,
58,USNCO L2013,B,,,
59,USNCO L2013,D,,,
60,USNCO L2013,C,,,
1,USNCO L2012,A,,,
2,USNCO L2012,B,,,
3,USNCO L2012,A,,,
4,USNCO L2012,C,,,
5,USNCO L2012,C,,,
6,USNCO L2012,C,,,
7,USNCO L2012,C,,,
8,USNCO L2012,B,,,
9,USNCO L2012,B,,,
10,USNCO L2012,A,,,
11,USNCO L2012,C,,,
12,USNCO L2012,A,,,
13,USNCO L2012,A,,,
14,USNCO L2012,A,,,
15,USNCO L2012,C,,,
16,USNCO L2012,D,,,
17,USNCO L2012,B,,,
18,USNCO L2012,B,,,
19,USNCO L2012,A,,,
20,USNCO L2012,B,,,
21,USNCO L2012,B,,,
22,USNCO L2012,D,,,
23,USNCO L2012,D,,,
24,USNCO L2012,D,,,
25,USNCO L2012,C,,,
26,USNCO L2012,B,,,
27,USNCO L2012,C,,,
28,USNCO L2012,B,,,
29,USNCO L2012,D,,,
30,USNCO L2012,A,,,
31,USNCO L2012,A,,,
32,USNCO L2012,C,,,
33,USNCO L2012,C,,,
34,USNCO L2012,D,,,
35,USNCO L2012,C,,,
36,USNCO L2012,B,,,
37,USNCO L2012,A,,,
38,USNCO L2012,A,,,
39,USNCO L2012,D,,,
40,USNCO L2012,B,,,
41,USNCO L2012,D,,,
42,USNCO L2012,C,,,
43,USNCO L2012,B,,,
44,USNCO L2012,D,,,
45,USNCO L2012,A,,,
46,USNCO L2012,B,,,
47,USNCO L2012,C,,,
48,USNCO L2012,B,,,
49,USNCO L2012,C,,,
50,USNCO L2012,D,,,
51,USNCO L2012,D,,,
52,USNCO L2012,A,,,
53,USNCO L2012,D,,,
54,USNCO L2012,B,,,
55,USNCO L2012,D,,,
56,USNCO L2012,C,,,
57,USNCO L2012,A,,,
58,USNCO L2012,C,,,
59,USNCO L2012,A,,,
60,USNCO L2012,B,,,
1,USNCO L2011,B,,,
2,USNCO L2011,A,,,
3,USNCO L2011,D,,,
4,USNCO L2011,C,,,
5,USNCO L2011,A,,,
6,USNCO L2011,D,,,
7,USNCO L2011,D,,,
8,USNCO L2011,C,,,
9,USNCO L2011,D,,,
10,USNCO L2011,D,,,
11,USNCO L2011,A,,,
12,USNCO L2011,D,,,
13,USNCO L2011,A,,,
14,USNCO L2011,B,,,
15,USNCO L2011,D,,,
16,USNCO L2011,D,,,
17,USNCO L2011,A,,,
18,USNCO L2011,D,,,
19,USNCO L2011,A,,,
20,USNCO L2011,B,,,
21,USNCO L2011,B,,,
22,USNCO L2011,A,,,
23,USNCO L2011,D,,,
24,USNCO L2011,A,,,
25,USNCO L2011,A,,,
26,USNCO L2011,A,,,
27,USNCO L2011,A,,,
28,USNCO L2011,D,,,
29,USNCO L2011,B,,,
30,USNCO L2011,B,,,
31,USNCO L2011,D,,,
32,USNCO L2011,D,,,
33,USNCO L2011,C,,,
34,USNCO L2011,C,,,
35,USNCO L2011,A,,,
36,USNCO L2011,B,,,
37,USNCO L2011,C,,,
38,USNCO L2011,B,,,
39,USNCO L2011,B,,,
40,USNCO L2011,C,,,
41,USNCO L2011,C,,,
42,USNCO L2011,B,,,
43,USNCO L2011,C,,,
44,USNCO L2011,D,,,
45,USNCO L2011,D,,,
46,USNCO L2011,B,,,
47,USNCO L2011,B,,,
48,USNCO L2011,D,,,
49,USNCO L2011,D,,,
50,USNCO L2011,A,,,
51,USNCO L2011,A,,,
52,USNCO L2011,B,,,
53,USNCO L2011,C,,,
54,USNCO L2011,C,,,
55,USNCO L2011,B,,,
56,USNCO L2011,C,,,
57,USNCO L2011,C,,,
58,USNCO L2011,B,,,
59,USNCO L2011,A,,,
60,USNCO L2011,D,,,
1,USNCO L2010,D,,,
2,USNCO L2010,A,,,
3,USNCO L2010,B,,,
4,USNCO L2010,C,,,
5,USNCO L2010,A,,,
6,USNCO L2010,A,,,
7,USNCO L2010,D,,,
8,USNCO L2010,B,,,
9,USNCO L2010,C,,,
10,USNCO L2010,B,,,
11,USNCO L2010,D,,,
12,USNCO L2010,A,,,
13,USNCO L2010,C,,,
14,USNCO L2010,D,,,
15,USNCO L2010,D,,,
16,USNCO L2010,C,,,
17,USNCO L2010,A,,,
18,USNCO L2010,C,,,
19,USNCO L2010,A,,,
20,USNCO L2010,A,,,
21,USNCO L2010,A,,,
22,USNCO L2010,B,,,
23,USNCO L2010,C,,,
24,USNCO L2010,D,,,
25,USNCO L2010,B,,,
26,USNCO L2010,D,,,
27,USNCO L2010,A,,,
28,USNCO L2010,C,,,
29,USNCO L2010,B,,,
30,USNCO L2010,C,,,
31,USNCO L2010,D,,,
32,USNCO L2010,D,,,
33,USNCO L2010,C,,,
34,USNCO L2010,A,,,
35,USNCO L2010,D,,,
36,USNCO L2010,C,,,
37,USNCO L2010,B,,,
38,USNCO L2010,C,,,
39,USNCO L2010,A,,,
40,USNCO L2010,B,,,
41,USNCO L2010,C,,,
42,USNCO L2010,A,,,
43,USNCO L2010,A,,,
44,USNCO L2010,D,,,
45,USNCO L2010,B,,,
46,USNCO L2010,C,,,
47,USNCO L2010,C,,,
48,USNCO L2010,D,,,
49,USNCO L2010,D,,,
50,USNCO L2010,B,,,
51,USNCO L2010,A,,,
52,USNCO L2010,A,,,
53,USNCO L2010,D,,,
54,USNCO L2010,B,,,
55,USNCO L2010,C,,,
56,USNCO L2010,C,,,
57,USNCO L2010,D,,,
58,USNCO L2010,A,,,
59,USNCO L2010,D,,,
60,USNCO L2010,B,,,
1,USNCO L2009,B,,,
2,USNCO L2009,D,,,
3,USNCO L2009,C,,,
4,USNCO L2009,A,,,
5,USNCO L2009,B,,,
6,USNCO L2009,A,,,
7,USNCO L2009,B,,,
8,USNCO L2009,C,,,
9,USNCO L2009,C,,,
10,USNCO L2009,D,,,
11,USNCO L2009,B,,,
12,USNCO L2009,A,,,
13,USNCO L2009,B,,,
14,USNCO L2009,D,,,
15,USNCO L2009,A,,,
16,USNCO L2009,A,,,
17,USNCO L2009,D,,,
18,USNCO L2009,C,,,
19,USNCO L2009,C,,,
20,USNCO L2009,B,,,
21,USNCO L2009,D,,,
22,USNCO L2009,D,,,
23,USNCO L2009,C,,,
24,USNCO L2009,A,,,
25,USNCO L2009,C,,,
26,USNCO L2009,A,,,
27,USNCO L2009,B,,,
28,USNCO L2009,D,,,
29,USNCO L2009,C,,,
30,USNCO L2009,A,,,
31,USNCO L2009,C,,,
32,USNCO L2009,C,,,
33,USNCO L2009,A,,,
34,USNCO L2009,B,,,
35,USNCO L2009,D,,,
36,USNCO L2009,C,,,
37,USNCO L2009,C,,,
38,USNCO L2009,D,,,
39,USNCO L2009,A,,,
40,USNCO L2009,B,,,
41,USNCO L2009,A,,,
42,USNCO L2009,D,,,
43,USNCO L2009,B,,,
44,USNCO L2009,A,,,
45,USNCO L2009,C,,,
46,USNCO L2009,B,,,
47,USNCO L2009,D,,,
48,USNCO L2009,D,,,
49,USNCO L2009,C,,,
50,USNCO L2009,A,,,
51,USNCO L2009,D,,,
52,USNCO L2009,C,,,
53,USNCO L2009,B,,,
54,USNCO L2009,C,,,
55,USNCO L2009,D,,,
56,USNCO L2009,D,,,
57,USNCO L2009,A,,,
58,USNCO L2009,B,,,
59,USNCO L2009,D,,,
60,USNCO L2009,A,,,
1,USNCO L2008,A,,,
2,USNCO L2008,D,,,
3,USNCO L2008,A,,,
4,USNCO L2008,B,,,
5,USNCO L2008,D,,,
6,USNCO L2008,A,,,
7,USNCO L2008,C,,,
8,USNCO L2008,C,,,
9,USNCO L2008,D,,,
10,USNCO L2008,B,,,
11,USNCO L2008,D,,,
12,USNCO L2008,A,,,
13,USNCO L2008,B,,,
14,USNCO L2008,A,,,
15,USNCO L2008,C,,,
16,USNCO L2008,C,,,
17,USNCO L2008,D,,,
18,USNCO L2008,D,,,
19,USNCO L2008,A,,,
20,USNCO L2008,D,,,
21,USNCO L2008,A,,,
22,USNCO L2008,C,,,
23,USNCO L2008,B,,,
24,USNCO L2008,A,,,
25,USNCO L2008,A,,,
26,USNCO L2008,D,,,
27,USNCO L2008,C,,,
28,USNCO L2008,B,,,
29,USNCO L2008,B,,,
30,USNCO L2008,C,,,
31,USNCO L2008,A,,,
32,USNCO L2008,D,,,
33,USNCO L2008,D,,,
34,USNCO L2008,B,,,
35,USNCO L2008,B,,,
36,USNCO L2008,A,,,
37,USNCO L2008,C,,,
38,USNCO L2008,A,,,
39,USNCO L2008,B,,,
40,USNCO L2008,D,,,
41,USNCO L2008,B,,,
42,USNCO L2008,A,,,
43,USNCO L2008,D,,,
44,USNCO L2008,C,,,
45,USNCO L2008,D,,,
46,USNCO L2008,B,,,
47,USNCO L2008,C,,,
48,USNCO L2008,B,,,
49,USNCO L2008,C,,,
50,USNCO L2008,A,,,
51,USNCO L2008,B,,,
52,USNCO L2008,C,,,
53,USNCO L2008,C,,,
54,USNCO L2008,B,,,
55,USNCO L2008,A,,,
56,USNCO L2008,D,,,
57,USNCO L2008,B,,,
58,USNCO L2008,C,,,
59,USNCO L2008,B,,,
60,USNCO L2008,A,,,
1,USNCO L2007,C,,,
2,USNCO L2007,C,,,
3,USNCO L2007,D,,,
4,USNCO L2007,A,,,
5,USNCO L2007,D,,,
6,USNCO L2007,B,,,
7,USNCO L2007,D,,,
8,USNCO L2007,B,,,
9,USNCO L2007,A,,,
10,USNCO L2007,A,,,
11,USNCO L2007,B,,,
12,USNCO L2007,C,,,
13,USNCO L2007,A,,,
14,USNCO L2007,A,,,
15,USNCO L2007,D,,,
16,USNCO L2007,B,,,
17,USNCO L2007,C,,,
18,USNCO L2007,C,,,
19,USNCO L2007,D,,,
20,USNCO L2007,C,,,
21,USNCO L2007,A,,,
22,USNCO L2007,B,,,
23,USNCO L2007,C,,,
24,USNCO L2007,A,,,
25,USNCO L2007,D,,,
26,USNCO L2007,C,,,
27,USNCO L2007,D,,,
28,USNCO L2007,B,,,
29,USNCO L2007,D,,,
30,USNCO L2007,D,,,
31,USNCO L2007,A,,,
32,USNCO L2007,D,,,
33,USNCO L2007,D,,,
34,USNCO L2007,C,,,
35,USNCO L2007,D,,,
36,USNCO L2007,B,,,
37,USNCO L2007,A,,,
38,USNCO L2007,D,,,
39,USNCO L2007,B,,,
40,USNCO L2007,C,,,
41,USNCO L2007,B,,,
42,USNCO L2007,C,,,
43,USNCO L2007,C,,,
44,USNCO L2007,B,,,
45,USNCO L2007,A,,,
46,USNCO L2007,A,,,
47,USNCO L2007,B,,,
48,USNCO L2007,A,,,
49,USNCO L2007,D,,,
50,USNCO L2007,A,,,
51,USNCO L2007,A,,,
52,USNCO L2007,C,,,
53,USNCO L2007,B,,,
54,USNCO L2007,C,,,
55,USNCO L2007,D,,,
56,USNCO L2007,C,,,
57,USNCO L2007,D,,,
58,USNCO L2007,B,,,
59,USNCO L2007,B,,,
60,USNCO L2007,A,,,
1,USNCO L2006,D,,,
2,USNCO L2006,C,,,
3,USNCO L2006,B,,,
4,USNCO L2006,C,,,
5,USNCO L2006,A,,,
6,USNCO L2006,B,,,
7,USNCO L2006,D,,,
8,USNCO L2006,B,,,
9,USNCO L2006,D,,,
10,USNCO L2006,D,,,
11,USNCO L2006,C,,,
12,USNCO L2006,B,,,
13,USNCO L2006,A,,,
14,USNCO L2006,C,,,
15,USNCO L2006,A,,,
16,USNCO L2006,B,,,
17,USNCO L2006,D,,,
18,USNCO L2006,B,,,
19,USNCO L2006,A,,,
20,USNCO L2006,A,,,
21,USNCO L2006,C,,,
22,USNCO L2006,C,,,
23,USNCO L2006,B,,,
24,USNCO L2006,B,,,
25,USNCO L2006,D,,,
26,USNCO L2006,C,,,
27,USNCO L2006,B,,,
28,USNCO L2006,D,,,
29,USNCO L2006,C,,,
30,USNCO L2006,A,,,
31,USNCO L2006,A,,,
32,USNCO L2006,C,,,
33,USNCO L2006,A,,,
34,USNCO L2006,D,,,
35,USNCO L2006,B,,,
36,USNCO L2006,D,,,
37,USNCO L2006,B,,,
38,USNCO L2006,D,,,
39,USNCO L2006,B,,,
40,USNCO L2006,B,,,
41,USNCO L2006,A,,,
42,USNCO L2006,C,,,
43,USNCO L2006,D,,,
44,USNCO L2006,C,,,
45,USNCO L2006,A,,,
46,USNCO L2006,B,,,
47,USNCO L2006,B,,,
48,USNCO L2006,C,,,
49,USNCO L2006,A,,,
50,USNCO L2006,A,,,
51,USNCO L2006,D,,,
52,USNCO L2006,D,,,
53,USNCO L2006,C,,,
54,USNCO L2006,D,,,
55,USNCO L2006,B,,,
56,USNCO L2006,D,,,
57,USNCO L2006,B,,,
58,USNCO L2006,A,,,
59,USNCO L2006,C,,,
60,USNCO L2006,B,,,
1,USNCO L2005,D,,,
2,USNCO L2005,B,,,
3,USNCO L2005,A,,,
4,USNCO L2005,A,,,
5,USNCO L2005,B,,,
6,USNCO L2005,D,,,
7,USNCO L2005,C,,,
8,USNCO L2005,D,,,
9,USNCO L2005,C,,,
10,USNCO L2005,D,,,
11,USNCO L2005,C,,,
12,USNCO L2005,A,,,
13,USNCO L2005,D,,,
14,USNCO L2005,A,,,
15,USNCO L2005,B,,,
16,USNCO L2005,B,,,
17,USNCO L2005,A,,,
18,USNCO L2005,D,,,
19,USNCO L2005,D,,,
20,USNCO L2005,D,,,
21,USNCO L2005,A,,,
22,USNCO L2005,B,,,
23,USNCO L2005,B,,,
24,USNCO L2005,A,,,
25,USNCO L2005,B,,,
26,USNCO L2005,C,,,
27,USNCO L2005,C,,,
28,USNCO L2005,D,,,
29,USNCO L2005,D,,,
30,USNCO L2005,A,,,
31,USNCO L2005,B,,,
32,USNCO L2005,B,,,
33,USNCO L2005,B,,,
34,USNCO L2005,B,,,
35,USNCO L2005,C,,,
36,USNCO L2005,D,,,
37,USNCO L2005,C,,,
38,USNCO L2005,B,,,
39,USNCO L2005,D,,,
40,USNCO L2005,A,,,
41,USNCO L2005,A,,,
42,USNCO L2005,C,,,
43,USNCO L2005,C,,,
44,USNCO L2005,B,,,
45,USNCO L2005,D,,,
46,USNCO L2005,A,,,
47,USNCO L2005,D,,,
48,USNCO L2005,B,,,
49,USNCO L2005,D,,,
50,USNCO L2005,C,,,
51,USNCO L2005,A,,,
52,USNCO L2005,B,,,
53,USNCO L2005,D,,,
54,USNCO L2005,A,,,
55,USNCO L2005,D,,,
56,USNCO L2005,B,,,
57,USNCO L2005,C,,,
58,USNCO L2005,D,,,
59,USNCO L2005,D,,,
60,USNCO L2005,B,,,
1,USNCO L2004,A,,,
2,USNCO L2004,D,,,
3,USNCO L2004,C,,,
4,USNCO L2004,C,,,
5,USNCO L2004,C,,,
6,USNCO L2004,D,,,
7,USNCO L2004,A,,,
8,USNCO L2004,D,,,
9,USNCO L2004,A,,,
10,USNCO L2004,C,,,
11,USNCO L2004,B,,,
12,USNCO L2004,D,,,
13,USNCO L2004,C,,,
14,USNCO L2004,C,,,
15,USNCO L2004,A,,,
16,USNCO L2004,A,,,
17,USNCO L2004,A,,,
18,USNCO L2004,D,,,
19,USNCO L2004,A,,,
20,USNCO L2004,B,,,
21,USNCO L2004,D,,,
22,USNCO L2004,A,,,
23,USNCO L2004,B,,,
24,USNCO L2004,A,,,
25,USNCO L2004,D,,,
26,USNCO L2004,C,,,
27,USNCO L2004,A,,,
28,USNCO L2004,C,,,
29,USNCO L2004,C,,,
30,USNCO L2004,B,,,
31,USNCO L2004,C,,,
32,USNCO L2004,D,,,
33,USNCO L2004,B,,,
34,USNCO L2004,A,,,
35,USNCO L2004,B,,,
36,USNCO L2004,D,,,
37,USNCO L2004,B,,,
38,USNCO L2004,B,,,
39,USNCO L2004,D,,,
40,USNCO L2004,B,,,
41,USNCO L2004,A,,,
42,USNCO L2004,D,,,
43,USNCO L2004,D,,,
44,USNCO L2004,B,,,
45,USNCO L2004,D,,,
46,USNCO L2004,B,,,
47,USNCO L2004,D,,,
48,USNCO L2004,A,,,
49,USNCO L2004,A,,,
50,USNCO L2004,D,,,
51,USNCO L2004,A,,,
52,USNCO L2004,C,,,
53,USNCO L2004,C,,,
54,USNCO L2004,B,,,
55,USNCO L2004,A,,,
56,USNCO L2004,D,,,
57,USNCO L2004,B,,,
58,USNCO L2004,A,,,
59,USNCO L2004,D,,,
60,USNCO L2004,D,,,
1,USNCO L2003,B,,,
2,USNCO L2003,D,,,
3,USNCO L2003,A,,,
4,USNCO L2003,C,,,
5,USNCO L2003,D,,,
6,USNCO L2003,D,,,
7,USNCO L2003,C,,,
8,USNCO L2003,C,,,
9,USNCO L2003,A,,,
10,USNCO L2003,D,,,
11,USNCO L2003,A,,,
12,USNCO L2003,D,,,
13,USNCO L2003,C,,,
14,USNCO L2003,A,,,
15,USNCO L2003,D,,,
16,USNCO L2003,A,,,
17,USNCO L2003,C,,,
18,USNCO L2003,C,,,
19,USNCO L2003,B,,,
20,USNCO L2003,B,,,
21,USNCO L2003,A,,,
22,USNCO L2003,B,,,
23,USNCO L2003,D,,,
24,USNCO L2003,C,,,
25,USNCO L2003,C,,,
26,USNCO L2003,D,,,
27,USNCO L2003,D,,,
28,USNCO L2003,C,,,
29,USNCO L2003,B,,,
30,USNCO L2003,A,,,
31,USNCO L2003,D,,,
32,USNCO L2003,A,,,
33,USNCO L2003,B,,,
34,USNCO L2003,D,,,
35,USNCO L2003,C,,,
36,USNCO L2003,B,,,
37,USNCO L2003,B,,,
38,USNCO L2003,A,,,
39,USNCO L2003,B,,,
40,USNCO L2003,C,,,
41,USNCO L2003,A,,,
42,USNCO L2003,D,,,
43,USNCO L2003,A,,,
44,USNCO L2003,C,,,
45,USNCO L2003,B,,,
46,USNCO L2003,B,,,
47,USNCO L2003,C,,,
48,USNCO L2003,A,,,
49,USNCO L2003,D,,,
50,USNCO L2003,A,,,
51,USNCO L2003,D,,,
52,USNCO L2003,A,,,
53,USNCO L2003,D,,,
54,USNCO L2003,B,,,
55,USNCO L2003,A,,,
56,USNCO L2003,A,,,
57,USNCO L2003,C,,,
58,USNCO L2003,A,,,
59,USNCO L2003,B,,,
60,USNCO L2003,C,,,
1,USNCO L2002,C,,,
2,USNCO L2002,B,,,
3,USNCO L2002,A,,,
4,USNCO L2002,D,,,
5,USNCO L2002,C,,,
6,USNCO L2002,B,,,
7,USNCO L2002,A,,,
8,USNCO L2002,A,,,
9,USNCO L2002,C,,,
10,USNCO L2002,D,,,
11,USNCO L2002,A,,,
12,USNCO L2002,B,,,
13,USNCO L2002,C,,,
14,USNCO L2002,C,,,
15,USNCO L2002,A,,,
16,USNCO L2002,B,,,
17,USNCO L2002,D,,,
18,USNCO L2002,C,,,
19,USNCO L2002,B,,,
20,USNCO L2002,A,,,
21,USNCO L2002,D,,,
22,USNCO L2002,C,,,
23,USNCO L2002,C,,,
24,USNCO L2002,A,,,
25,USNCO L2002,B,,,
26,USNCO L2002,B,,,
27,USNCO L2002,D,,,
28,USNCO L2002,B,,,
29,USNCO L2002,D,,,
30,USNCO L2002,D,,,
31,USNCO L2002,B,,,
32,USNCO L2002,A,,,
33,USNCO L2002,D,,,
34,USNCO L2002,C,,,
35,USNCO L2002,A,,,
36,USNCO L2002,B,,,
37,USNCO L2002,D,,,
38,USNCO L2002,C,,,
39,USNCO L2002,A,,,
40,USNCO L2002,D,,,
41,USNCO L2002,A,,,
42,USNCO L2002,B,,,
43,USNCO L2002,A,,,
44,USNCO L2002,C,,,
45,USNCO L2002,D,,,
46,USNCO L2002,C,,,
47,USNCO L2002,A,,,
48,USNCO L2002,B,,,
49,USNCO L2002,C,,,
50,USNCO L2002,B,,,
51,USNCO L2002,D,,,
52,USNCO L2002,D,,,
53,USNCO L2002,C,,,
54,USNCO L2002,A,,,
55,USNCO L2002,D,,,
56,USNCO L2002,A,,,
57,USNCO L2002,C,,,
58,USNCO L2002,B,,,
59,USNCO L2002,D,,,
60,USNCO L2002,A,,,
1,USNCO L2001,D,,,
2,USNCO L2001,B,,,
3,USNCO L2001,B,,,
4,USNCO L2001,A,,,
5,USNCO L2001,B,,,
6,USNCO L2001,C,,,
7,USNCO L2001,A,,,
8,USNCO L2001,A,,,
9,USNCO L2001,C,,,
10,USNCO L2001,A,,,
11,USNCO L2001,D,,,
12,USNCO L2001,D,,,
13,USNCO L2001,B,,,
14,USNCO L2001,D,,,
15,USNCO L2001,C,,,
16,USNCO L2001,B,,,
17,USNCO L2001,A,,,
18,USNCO L2001,D,,,
19,USNCO L2001,C,,,
20,USNCO L2001,C,,,
21,USNCO L2001,D,,,
22,USNCO L2001,C,,,
23,USNCO L2001,B,,,
24,USNCO L2001,C,,,
25,USNCO L2001,D,,,
26,USNCO L2001,B,,,
27,USNCO L2001,A,,,
28,USNCO L2001,D,,,
29,USNCO L2001,C,,,
30,USNCO L2001,A,,,
31,USNCO L2001,B,,,
32,USNCO L2001,B,,,
33,USNCO L2001,D,,,
34,USNCO L2001,B,,,
35,USNCO L2001,D,,,
36,USNCO L2001,A,,,
37,USNCO L2001,A,,,
38,USNCO L2001,D,,,
39,USNCO L2001,A,,,
40,USNCO L2001,A,,,
41,USNCO L2001,B,,,
42,USNCO L2001,A,,,
43,USNCO L2001,B,,,
44,USNCO L2001,C,,,
45,USNCO L2001,D,,,
46,USNCO L2001,D,,,
47,USNCO L2001,B,,,
48,USNCO L2001,B,,,
49,USNCO L2001,A,,,
50,USNCO L2001,C,,,
51,USNCO L2001,A,,,
52,USNCO L2001,D,,,
53,USNCO L2001,B,,,
54,USNCO L2001,C,,,
55,USNCO L2001,D,,,
56,USNCO L2001,A,,,
57,USNCO L2001,C,,,
58,USNCO L2001,A,,,
59,USNCO L2001,B,,,
60,USNCO L2001,C,,,
1,USNCO L2000,B,,,
2,USNCO L2000,A,,,
3,USNCO L2000,D,,,
4,USNCO L2000,C,,,
5,USNCO L2000,D,,,
6,USNCO L2000,D,,,
7,USNCO L2000,B,,,
8,USNCO L2000,B,,,
9,USNCO L2000,C,,,
10,USNCO L2000,B,,,
11,USNCO L2000,A,,,
12,USNCO L2000,C,,,
13,USNCO L2000,D,,,
14,USNCO L2000,A,,,
15,USNCO L2000,D,,,
16,USNCO L2000,A,,,
17,USNCO L2000,C,,,
18,USNCO L2000,B,,,
19,USNCO L2000,C,,,
20,USNCO L2000,C,,,
21,USNCO L2000,D,,,
22,USNCO L2000,A,,,
23,USNCO L2000,D,,,
24,USNCO L2000,B,,,
25,USNCO L2000,A,,,
26,USNCO L2000,B,,,
27,USNCO L2000,A,,,
28,USNCO L2000,C,,,
29,USNCO L2000,D,,,
30,USNCO L2000,B,,,
31,USNCO L2000,B,,,
32,USNCO L2000,C,,,
33,USNCO L2000,B,,,
34,USNCO L2000,A,,,
35,USNCO L2000,B,,,
36,USNCO L2000,D,,,
37,USNCO L2000,C,,,
38,USNCO L2000,D,,,
39,USNCO L2000,A,,,
40,USNCO L2000,C,,,
41,USNCO L2000,C,,,
42,USNCO L2000,D,,,
43,USNCO L2000,C,,,
44,USNCO L2000,A,,,
45,USNCO L2000,B,,,
46,USNCO L2000,D,,,
47,USNCO L2000,B,,,
48,USNCO L2000,C,,,
49,USNCO L2000,C,,,
50,USNCO L2000,D,,,
51,USNCO L2000,A,,,
52,USNCO L2000,B,,,
53,USNCO L2000,D,,,
54,USNCO L2000,D,,,
55,USNCO L2000,A,,,
56,USNCO L2000,A,,,
57,USNCO L2000,C,,,
58,USNCO L2000,A,,,
59,USNCO L2000,B,,,
60,USNCO L2000,D,,,
1,WCC 2021 Part I,C,94.0%,,
2,WCC 2021 Part I,D,77.4%,,
3,WCC 2021 Part I,A,82.0%,,
4,WCC 2021 Part I,B,20.3%,,
5,WCC 2021 Part I,D,42.1%,,
6,WCC 2021 Part I,C,70.7%,,
7,WCC 2021 Part I,C,40.6%,,
8,WCC 2021 Part I,D,12.8%,,
9,WCC 2021 Part I,D,44.4%,,
10,WCC 2021 Part I,B,73.7%,,
11,WCC 2021 Part I,D,54.9%,,
12,WCC 2021 Part I,B,40.6%,,
13,WCC 2021 Part I,C,42.1%,,
14,WCC 2021 Part I,B,33.8%,,
15,WCC 2021 Part I,A,60.9%,,
16,WCC 2021 Part I,B,72.2%,,
17,WCC 2021 Part I,A,66.2%,,
18,WCC 2021 Part I,A,49.6%,,
19,WCC 2021 Part I,A,30.8%,,
20,WCC 2021 Part I,B,85.7%,,
21,WCC 2021 Part I,B,91.0%,,
22,WCC 2021 Part I,C,32.3%,,
23,WCC 2021 Part I,D,39.1%,,
24,WCC 2021 Part I,B,20.3%,,
25,WCC 2021 Part I,D,66.9%,,
26,WCC 2021 Part I,B,26.3%,,
27,WCC 2021 Part I,B,57.1%,,
28,WCC 2021 Part I,C,47.4%,,
29,WCC 2021 Part I,D,57.9%,,
30,WCC 2021 Part I,A,18.1%,,
31,WCC 2021 Part I,C,82.7%,,
32,WCC 2021 Part I,D,54.1%,,
33,WCC 2021 Part I,C,55.6%,,
34,WCC 2021 Part I,A,13.5%,,
35,WCC 2021 Part I,C,43.6%,,
36,WCC 2021 Part I,B,34.6%,,
37,WCC 2021 Part I,D,7.52%,,
38,WCC 2021 Part I,C,70.7%,,
39,WCC 2021 Part I,C,72.2%,,
40,WCC 2021 Part I,C,23.3%,,
41,WCC 2021 Part I,B,48.9%,,
42,WCC 2021 Part I,B,36.8%,,
43,WCC 2021 Part I,A,33.1%,,
44,WCC 2021 Part I,D,55.6%,,
45,WCC 2021 Part I,C,59.4%,,
46,WCC 2021 Part I,B,67.7%,,
47,WCC 2021 Part I,D,,,
48,WCC 2021 Part I,D,25.6%,,
49,WCC 2021 Part I,B,36.1%,,
50,WCC 2021 Part I,D,40.6%,,
51,WCC 2021 Part I,B,44.36,,
52,WCC 2021 Part I,B,54.9%,,
53,WCC 2021 Part I,A,67.7%,,
54,WCC 2021 Part I,B,48.9%,,
55,WCC 2021 Part I,C,52.6%,,
56,WCC 2021 Part I,C,39.9%,,
57,WCC 2021 Part I,A,33.1%,,
58,WCC 2021 Part I,B,19.6%,,
59,WCC 2021 Part I,C,37.6%,,
60,WCC 2021 Part I,B,20.3%,,